gbifid	datasetkey	occurrenceid	kingdom	phylum	class	order	family	genus	species	infraspecificepithet	taxonrank	scientificname	countrycode	locality	publishingorgkey	decimallatitude	decimallongitude	coordinateuncertaintyinmeters	coordinateprecision	elevation	elevationaccuracy	depth	depthaccuracy	eventdate	day	month	year	taxonkey	specieskey	basisofrecord	institutioncode	collectioncode	catalognumber	recordnumber	identifiedby	license	rightsholder	recordedby	typestatus	establishmentmeans	lastinterpreted	mediatype	issue
1797276574	d415c253-4d61-4459-9d25-4015b9084fb0	d9a98df5-b32b-4acc-9851-4cfac2fbc318	Plantae	Tracheophyta	Magnoliopsida	Myrtales	Melastomataceae	Miconia	Miconia hispidula		SPECIES	Miconia hispidula (Cogn.) Judd, Bécquer & Majure	HT	Massif de la Hotte, in route to Pic Macaya National Park, Morne TitÃ³n, ca 2 km W of Les PlatÃ³ns, cutover area.	ae447c50-b8a8-11d8-92a4-b8a03c50a862	18.2706	-73.98992							2013-01-07T01:00Z	7	1	2013	7699254	7699254	PRESERVED_SPECIMEN	NY	NY	02422380	4275		CC0_1_0	The New York Botanical Garden	L. C. Majure			2017-12-20T15:58Z	STILLIMAGE	GEODETIC_DATUM_ASSUMED_WGS84
1797187603	d415c253-4d61-4459-9d25-4015b9084fb0	cbf645f0-d703-4839-9a91-3bd3bebb055a	Plantae	Tracheophyta	Magnoliopsida	Myrtales	Melastomataceae	Miconia	Miconia laevigata		SPECIES	Miconia laevigata (L.) D.Don	HT	Massif de la Hotte, Macaya Biosphere Reserve, Pic Macaya National Park, Bwa Formon, S of Ville Formon.	ae447c50-b8a8-11d8-92a4-b8a03c50a862	18.317	-74.00847							2013-01-08T01:00Z	8	1	2013	7547085	3188573	PRESERVED_SPECIMEN	NY	NY	02422392	4283		CC0_1_0	The New York Botanical Garden	L. C. Majure			2017-12-20T15:45Z	STILLIMAGE	
1797115543	d415c253-4d61-4459-9d25-4015b9084fb0	c0e49a92-c00b-422b-b4fa-2b5a8695f8f1	Plantae	Tracheophyta	Magnoliopsida	Myrtales	Melastomataceae	Miconia	Miconia alloeotricha		SPECIES	Miconia alloeotricha (Urb.) Judd, Penneys & Skean	HT	Massif de la Hotte, Macaya Biosphere Reserve, Pic Macaya National Park, Morne Formon along trail of Pic Formon.	ae447c50-b8a8-11d8-92a4-b8a03c50a862	18.35681	-74.04953							2013-01-11T01:00Z	11	1	2013	3860693	3860693	PRESERVED_SPECIMEN	NY	NY	02422387	4295		CC0_1_0	The New York Botanical Garden	L. C. Majure			2017-12-20T15:35Z	STILLIMAGE	
1796805920	d415c253-4d61-4459-9d25-4015b9084fb0	9139db00-02fb-40ab-99fa-6c94d87df828	Plantae	Tracheophyta	Magnoliopsida	Myrtales	Melastomataceae	Miconia	Miconia ossaeifolia		SPECIES	Miconia ossaeifolia Urb. & Ekman	HT	Massif de la Hotte, Macaya Biosphere Reserve, Pic Macaya National Park, along W ridge of Pic Macaya just above the saddle linking to Morne Formon.	ae447c50-b8a8-11d8-92a4-b8a03c50a862	18.379222	-74.027208							2013-01-12T01:00Z	12	1	2013	3859133	3859133	PRESERVED_SPECIMEN	NY	NY	02422358	4297		CC0_1_0	The New York Botanical Garden	L. C. Majure			2017-12-20T15:06Z	STILLIMAGE	GEODETIC_DATUM_ASSUMED_WGS84
1796763147	d415c253-4d61-4459-9d25-4015b9084fb0	8a95ddd4-d061-421e-b349-93352b83d4a6	Plantae	Tracheophyta	Magnoliopsida	Myrtales	Melastomataceae	Miconia	Miconia hispidula		SPECIES	Miconia hispidula (Cogn.) Judd, Bécquer & Majure	HT	Massif de la Hotte, Morne Salagnac, 14.8 km SW of Miragoane, 7.2 km S of Petite-Riviere de Nippes and 4 km W of Bois Cabrit.	ae447c50-b8a8-11d8-92a4-b8a03c50a862	18.411072	-73.225369							2013-01-17T01:00Z	17	1	2013	7699254	7699254	PRESERVED_SPECIMEN	NY	NY	02422386	4319		CC0_1_0	The New York Botanical Garden	L. C. Majure			2017-12-20T15:04Z	STILLIMAGE	GEODETIC_DATUM_ASSUMED_WGS84
1796754338	d415c253-4d61-4459-9d25-4015b9084fb0	893a5a1b-3ae4-44d9-9d2a-788db13675ef	Plantae	Tracheophyta	Magnoliopsida	Myrtales	Melastomataceae	Miconia	Miconia tetrastoma		SPECIES	Miconia tetrastoma Naud.	HT	Massif de la Selle, S of Port-au-Prince, 1.5 km SW of Kenscoff and 2.8 km NW of Furcy, 2.4 km W of Obléon, near Morne Teleco, Kenscoff CRDD, Winner Project.	ae447c50-b8a8-11d8-92a4-b8a03c50a862	18.443286	-72.294033							2013-01-19T01:00Z	19	1	2013	3188584	3188584	PRESERVED_SPECIMEN	NY	NY	02422382	4333		CC0_1_0	The New York Botanical Garden	L. C. Majure			2017-12-20T15:04Z	STILLIMAGE	GEODETIC_DATUM_ASSUMED_WGS84
1796597023	d415c253-4d61-4459-9d25-4015b9084fb0	70fd41db-9b97-43d0-8293-7b011a764ab5	Plantae	Tracheophyta	Magnoliopsida	Myrtales	Melastomataceae	Miconia	Miconia navifolia		SPECIES	Miconia navifolia Ionta, Judd & Skean	HT	Massif de la Hotte, Macaya Biosphere Reserve, Soulet, karst hills along Formon trail between Sou Bwa and Les Platons.	ae447c50-b8a8-11d8-92a4-b8a03c50a862	18.29364	-73.99417							2013-01-15T01:00Z	15	1	2013	8160725	8160725	PRESERVED_SPECIMEN	NY	NY	02422352	4317		CC0_1_0	The New York Botanical Garden	L. C. Majure			2017-12-20T14:59Z	STILLIMAGE	
1796565553	d415c253-4d61-4459-9d25-4015b9084fb0	6c20c5c8-7de5-4e94-83d7-bc3c9c04b6f8	Plantae	Tracheophyta	Magnoliopsida	Myrtales	Melastomataceae	Miconia	Miconia macayana		SPECIES	Miconia macayana W.S. Judd & J.D. Skean	HT	Massif de la Hotte, Macaya Biosphere Reserve, Pic Macaya National Park, along W ridge of Pic Macaya just above the saddle linking to Morne Formon.	ae447c50-b8a8-11d8-92a4-b8a03c50a862	18.379222	-74.027208							2013-01-12T01:00Z	12	1	2013	3861796	3861796	PRESERVED_SPECIMEN	NY	NY	02422357	4298		CC0_1_0	The New York Botanical Garden	L. C. Majure			2017-12-20T14:58Z	STILLIMAGE	GEODETIC_DATUM_ASSUMED_WGS84
1796406689	d415c253-4d61-4459-9d25-4015b9084fb0	53b318dd-bc18-4c5c-96fb-197aabbebe4c	Plantae	Tracheophyta	Magnoliopsida	Myrtales	Melastomataceae	Miconia	Miconia xenotricha		SPECIES	Miconia xenotricha Urb. & Ekman	HT	Massif de la Hotte, Macaya Biosphere Reserve, Pic Macaya National Park, S slopes of Morne Formon, Pic le Ciel.	ae447c50-b8a8-11d8-92a4-b8a03c50a862	18.3515	-74.02144							2013-01-10T01:00Z	10	1	2013	3862711	3862711	PRESERVED_SPECIMEN	NY	NY	02422389	4293		CC0_1_0	The New York Botanical Garden	L. C. Majure			2017-12-20T14:53Z	STILLIMAGE	
1796380169	d415c253-4d61-4459-9d25-4015b9084fb0	4f963462-6138-48d3-921f-230c677b597f	Plantae	Tracheophyta	Magnoliopsida	Myrtales	Melastomataceae	Miconia	Miconia subcompressa		SPECIES	Miconia subcompressa Urb.	HT	Massif de la Hotte, in route to Pic Macaya National Park, ca 0.2 km N of Sou Bwa. Trailside.	ae447c50-b8a8-11d8-92a4-b8a03c50a862	18.311489	-74.009881							2013-01-07T01:00Z	7	1	2013	3865660	3865660	PRESERVED_SPECIMEN	NY	NY	02422379	4276		CC0_1_0	The New York Botanical Garden	L. C. Majure			2017-12-20T14:53Z	STILLIMAGE	GEODETIC_DATUM_ASSUMED_WGS84
1796094509	d415c253-4d61-4459-9d25-4015b9084fb0	2398bc04-7e42-4b1a-90b8-03dff2e102f2	Plantae	Tracheophyta	Magnoliopsida	Myrtales	Melastomataceae	Miconia	Miconia curvipila		SPECIES	Miconia curvipila (Urb. & Ekman) Ionta, Judd & Skean	HT	Massif de la Hotte, Macaya Biosphere Reserve, Soulet, karst hills along Formon trail between Sou Bwa and Les Platons.	ae447c50-b8a8-11d8-92a4-b8a03c50a862	18.29364	-73.99417							2013-01-15T01:00Z	15	1	2013	7699860	7699860	PRESERVED_SPECIMEN	NY	NY	02422354	4316		CC0_1_0	The New York Botanical Garden	L. C. Majure			2017-12-20T14:43Z	STILLIMAGE	GEODETIC_DATUM_ASSUMED_WGS84
1796079016	d415c253-4d61-4459-9d25-4015b9084fb0	21307eb8-fbc6-44c4-b836-30dc14c5567d	Plantae	Tracheophyta	Magnoliopsida	Myrtales	Melastomataceae	Miconia	Miconia tetrastoma		SPECIES	Miconia tetrastoma Naud.	HT	Massif de la Hotte, Macaya Biosphere Reserve, Pic Macaya National Park, S slopes of Morne Formon, N of Ville Formon.	ae447c50-b8a8-11d8-92a4-b8a03c50a862	18.33336	-74.01211							2013-01-09T01:00Z	9	1	2013	3188584	3188584	PRESERVED_SPECIMEN	NY	NY	02422391	4285		CC0_1_0	The New York Botanical Garden	L. C. Majure			2017-12-20T14:42Z	STILLIMAGE	
1796060527	d415c253-4d61-4459-9d25-4015b9084fb0	1e580b3c-41d3-4bcb-9b51-c4b5fc469b2b	Plantae	Tracheophyta	Magnoliopsida	Myrtales	Melastomataceae	Miconia	Miconia angustilamina		SPECIES	Miconia angustilamina (Judd & Skean) Judd & Ionta	HT	Massif de la Hotte, Macaya Biosphere Reserve, Pic Macaya National Park, Deron Plain, ephemeral stream en route to the S slopes of Morne Formon.	ae447c50-b8a8-11d8-92a4-b8a03c50a862	18.3415	-74.05297							2013-01-10T01:00Z	10	1	2013	7869216	7869216	PRESERVED_SPECIMEN	NY	NY	02422390	4288		CC0_1_0	The New York Botanical Garden	L. C. Majure			2017-12-20T14:42Z	STILLIMAGE	
1796045523	d415c253-4d61-4459-9d25-4015b9084fb0	1c0614f5-1681-4818-b397-1e29a5ad7921	Plantae	Tracheophyta	Magnoliopsida	Myrtales	Melastomataceae	Miconia	Miconia apiculata		SPECIES	Miconia apiculata Urb. & Ekman	HT	Massif de la Hotte, Macaya Biosphere Reserve, Pic Macaya National Park, Morne Formon en route to Pic Formon.	ae447c50-b8a8-11d8-92a4-b8a03c50a862	18.37092	-74.02747							2013-01-11T01:00Z	11	1	2013	3860100	3860100	PRESERVED_SPECIMEN	NY	NY	02422388	4294		CC0_1_0	The New York Botanical Garden	L. C. Majure			2017-12-20T14:40Z	STILLIMAGE	
1796031419	d415c253-4d61-4459-9d25-4015b9084fb0	19d1d4eb-061c-4889-8e60-83a6c385a285	Plantae	Tracheophyta	Magnoliopsida	Myrtales	Melastomataceae	Miconia	Miconia ferruginea		SPECIES	Miconia ferruginea (Desr.) DC.	HT	Massif de la Selle, S of Port-au-Prince, 1.5 km SW of Kenscoff and 2.8 km NW of Furcy, 2.4 km W of Obléon, near Morne Teleco, Kenscoff CRDD, Winner Project.	ae447c50-b8a8-11d8-92a4-b8a03c50a862	18.443286	-72.294033							2013-01-19T01:00Z	19	1	2013	3866294	3866294	PRESERVED_SPECIMEN	NY	NY	02422351	4326		CC0_1_0	The New York Botanical Garden	L. C. Majure			2017-12-20T14:36Z	STILLIMAGE	
1795936423	d415c253-4d61-4459-9d25-4015b9084fb0	0b23ee23-e6bd-4e23-b766-d99adfb92407	Plantae	Tracheophyta	Magnoliopsida	Myrtales	Melastomataceae	Miconia	Miconia hispidula		SPECIES	Miconia hispidula (Cogn.) Judd, Bécquer & Majure	HT	Massif de la Hotte, Paillant, 7 km SW of Miragoane.	ae447c50-b8a8-11d8-92a4-b8a03c50a862	18.411072	-73.225369							2013-01-17T01:00Z	17	1	2013	7699254	7699254	PRESERVED_SPECIMEN	NY	NY	02422383	4323		CC0_1_0	The New York Botanical Garden	L. C. Majure			2017-12-20T14:27Z	STILLIMAGE	GEODETIC_DATUM_ASSUMED_WGS84
1675921963	821cc27a-e3bb-4bc5-ac34-89ada245069d	http://n2t.net/ark:/65665/388e427ae-8447-4b53-a20d-9746809affe8	Plantae	Tracheophyta	Magnoliopsida	Myrtales	Melastomataceae	Miconia	Miconia angustilamina		SPECIES	Miconia angustilamina (Judd & Skean) Judd & Ionta	HT	SW of commune Petit-Goave, section Lozier, long drive along unpaved road	bc092ff0-02e4-11dc-991f-b8a03c50a862	18.3364	-72.9998			667.5	2.5			2017-01-19T01:00Z	19	1	2017	7869216	7869216	PRESERVED_SPECIMEN	US	Botany	3711035	2017-H-39		CC0_1_0		B. Jestrow, T. Andre & A. Franck			2017-10-27T11:59Z		GEODETIC_DATUM_ASSUMED_WGS84
1675810361	821cc27a-e3bb-4bc5-ac34-89ada245069d	http://n2t.net/ark:/65665/32486e61e-8bb9-41c3-8b58-6fdb14de4c24	Plantae	Tracheophyta	Magnoliopsida	Myrtales	Melastomataceae	Miconia	Miconia hispidula		SPECIES	Miconia hispidula (Cogn.) Judd, Bécquer & Majure	HT	SW of commune Petit-Goave, section Lozier, long drive along unpaved road	bc092ff0-02e4-11dc-991f-b8a03c50a862	18.3765	-72.9916			547.5	2.5			2017-01-19T01:00Z	19	1	2017	7699254	7699254	PRESERVED_SPECIMEN	US	Botany	3711036	2017-H-40		CC0_1_0		B. Jestrow, T. Andre & A. Franck			2017-10-27T09:17Z		GEODETIC_DATUM_ASSUMED_WGS84
1675507223	f934f8e2-32ca-46a7-b2f8-b032a4740454	urn:catalog:CAS:BOT-BC:568585	Plantae	Tracheophyta	Magnoliopsida	Myrtales	Melastomataceae	Miconia	Miconia macayana		SPECIES	Miconia macayana W.S. Judd & J.D. Skean	HT	Dept. du Sud, Massif de la Hotte, Macaya Biosphere Reserve, Pic Macaya National Park, along western ridge of Pic Macaya just above the saddle linking to Morne Formon	66522820-055c-11d8-b84e-b8a03c50a862	18.379223	-74.027207			1937.0				2013-01-12T01:00Z	12	1	2013	3861796	3861796	PRESERVED_SPECIMEN	CAS	BOT-BC	568585	2035		CC0_1_0		Ionta, Gretchen M.; Majure, Lucas C.			2017-10-23T20:00Z		
1632928113	af1b4db0-c8ce-4a95-b700-8a6a02bed9d6	urn:catalog:USF:Herb:294730	Plantae	Tracheophyta	Magnoliopsida	Myrtales	Melastomataceae	Miconia	Miconia hispidula		SPECIES	Miconia hispidula (Cogn.) Judd, Bécquer & Majure	HT	SW of commune Petit-Goave, section Lozier, long drive along unpaved road.	253fc67c-c7fb-4c85-88f5-43ac6d9dc8a9	18.3765	-72.9916			547.5	2.5			2017-01-19T01:00Z	19	1	2017	7699254	7699254	PRESERVED_SPECIMEN	USF	Herb	294730	2017-H-40		CC_BY_4_0		B. Jestrow, T. P. Andre & A. Franck			2017-12-23T00:20Z	STILLIMAGE	GEODETIC_DATUM_ASSUMED_WGS84
1632928065	af1b4db0-c8ce-4a95-b700-8a6a02bed9d6	urn:catalog:USF:Herb:294729	Plantae	Tracheophyta	Magnoliopsida	Myrtales	Melastomataceae	Miconia	Miconia angustilamina		SPECIES	Miconia angustilamina (Judd & Skean) Judd & Ionta	HT	SW of commune Petit-Goave, section Lozier, long drive along unpaved road.	253fc67c-c7fb-4c85-88f5-43ac6d9dc8a9	18.3364	-72.9998			667.5	2.5			2017-01-19T01:00Z	19	1	2017	7869216	7869216	PRESERVED_SPECIMEN	USF	Herb	294729	2017-H-39		CC_BY_4_0		B. Jestrow, T. P. Andre & A. Franck			2017-12-23T00:20Z	STILLIMAGE	GEODETIC_DATUM_ASSUMED_WGS84
1457829844	b89d52a2-861d-4388-adad-c0da3d55fc78	fbcc6510-11e8-428e-bdde-630aaeef323f	Plantae	Tracheophyta	Magnoliopsida	Myrtales	Melastomataceae	Miconia	Miconia dodecandra		SPECIES	Miconia dodecandra (Desr.) Cogn.	HT		8483a1f0-1032-11db-ae00-b8a03c50a862	18.41922	-73.77341							2012-06-20T02:00Z	20	6	2012	3867434	3867434	PRESERVED_SPECIMEN	FLAS		260822	34		CC_BY_NC_4_0	University of Florida	Joel C. Timyan			2017-05-23T20:38Z	STILLIMAGE	GEODETIC_DATUM_ASSUMED_WGS84
1457829432	b89d52a2-861d-4388-adad-c0da3d55fc78	faa96192-32c4-48be-9fa4-bd04e9942180	Plantae	Tracheophyta	Magnoliopsida	Myrtales	Melastomataceae	Miconia	Miconia subcompressa	subcompressa	SUBSPECIES	Miconia subcompressa subsp. subcompressa	HT		8483a1f0-1032-11db-ae00-b8a03c50a862	18.41922	-73.77341							2012-06-20T02:00Z	20	6	2012	7898344	3865660	PRESERVED_SPECIMEN	FLAS		260841	35		CC_BY_NC_4_0	University of Florida	Joel C. Timyan			2017-05-23T20:38Z	STILLIMAGE	GEODETIC_DATUM_ASSUMED_WGS84
1457828951	b89d52a2-861d-4388-adad-c0da3d55fc78	f92e5c8b-2bdd-43f9-b873-bf53f00d9a5f	Plantae	Tracheophyta	Magnoliopsida	Myrtales	Melastomataceae	Miconia	Miconia ferruginea		SPECIES	Miconia ferruginea (Desr.) DC.	HT		8483a1f0-1032-11db-ae00-b8a03c50a862	18.33006	-72.37217							2011-11-21T01:00Z	21	11	2011	3866294	3866294	PRESERVED_SPECIMEN	FLAS		260824	9		CC_BY_NC_4_0	University of Florida	Joel C. Timyan			2017-05-23T20:38Z	STILLIMAGE	GEODETIC_DATUM_ASSUMED_WGS84
1457828559	b89d52a2-861d-4388-adad-c0da3d55fc78	f7f8ab88-3fe9-4555-b80d-b5210baade24	Plantae	Tracheophyta	Magnoliopsida	Myrtales	Melastomataceae	Miconia	Miconia tetrastoma		SPECIES	Miconia tetrastoma Naud.	HT		8483a1f0-1032-11db-ae00-b8a03c50a862	18.33143	-74.00317							2013-01-14T01:00Z	14	1	2013	3188584	3188584	PRESERVED_SPECIMEN	FLAS		242492	4313		CC_BY_NC_4_0	University of Florida	Lucas C. Majure			2017-05-23T20:38Z	STILLIMAGE	GEODETIC_DATUM_ASSUMED_WGS84;GEODETIC_DATUM_INVALID
1457826943	b89d52a2-861d-4388-adad-c0da3d55fc78	f36f35f9-f5df-4006-81d3-94b99b6fae72	Plantae	Tracheophyta	Magnoliopsida	Myrtales	Melastomataceae	Miconia	Miconia prasina		SPECIES	Miconia prasina (Sw.) DC.	HT		8483a1f0-1032-11db-ae00-b8a03c50a862	18.366667	-73.883333							1983-03-11T01:00Z	11	3	1983	3188562	3188562	PRESERVED_SPECIMEN	FLAS		159862	25698		CC_BY_NC_4_0	University of Florida	T. Zanoni, M. Mejía, J. Pimentel			2017-05-23T20:38Z		GEODETIC_DATUM_ASSUMED_WGS84;COORDINATE_ROUNDED
1457826122	b89d52a2-861d-4388-adad-c0da3d55fc78	f13b6003-b500-44e8-9b48-ae79761bb512	Plantae	Tracheophyta	Magnoliopsida	Myrtales	Melastomataceae	Miconia	Miconia umbellata		SPECIES	Miconia umbellata (Mill.) Judd & Ionta	HT		8483a1f0-1032-11db-ae00-b8a03c50a862	18.31306	-74.0127							2013-01-08T01:00Z	8	1	2013	7934570	7934570	PRESERVED_SPECIMEN	FLAS		242733	5041		CC_BY_NC_4_0	University of Florida	J. Dan Skean, Jr.			2017-05-23T20:38Z	STILLIMAGE	GEODETIC_DATUM_ASSUMED_WGS84
1457824721	b89d52a2-861d-4388-adad-c0da3d55fc78	ece40284-be0b-4a0e-8eb0-014ec8e6f815	Plantae	Tracheophyta	Magnoliopsida	Myrtales	Melastomataceae	Miconia	Miconia subcompressa	subcompressa	SUBSPECIES	Miconia subcompressa subsp. subcompressa	HT		8483a1f0-1032-11db-ae00-b8a03c50a862	18.34201	-74.02194							2013-01-13T01:00Z	13	1	2013	7898344	3865660	PRESERVED_SPECIMEN	FLAS		242543	2036		CC_BY_NC_4_0	University of Florida	Gretchen M. Ionta			2017-08-22T20:45Z	STILLIMAGE	GEODETIC_DATUM_ASSUMED_WGS84;GEODETIC_DATUM_INVALID
1457824123	b89d52a2-861d-4388-adad-c0da3d55fc78	eb1b2110-c20e-4a69-9606-a6190c28c410	Plantae	Tracheophyta	Magnoliopsida	Myrtales	Melastomataceae	Miconia	Miconia laevigata		SPECIES	Miconia laevigata (L.) D.Don	HT		8483a1f0-1032-11db-ae00-b8a03c50a862	18.31699	-74.00847							2013-01-08T01:00Z	8	1	2013	7547085	3188573	PRESERVED_SPECIMEN	FLAS		242483	4283		CC_BY_NC_4_0	University of Florida	Lucas C. Majure			2017-05-23T20:38Z	STILLIMAGE	GEODETIC_DATUM_ASSUMED_WGS84;GEODETIC_DATUM_INVALID
1457823950	b89d52a2-861d-4388-adad-c0da3d55fc78	eaa01b3b-0993-49a2-b135-7fa6efe08e08	Plantae	Tracheophyta	Magnoliopsida	Myrtales	Melastomataceae	Miconia	Miconia ferruginea		SPECIES	Miconia ferruginea (Desr.) DC.	HT		8483a1f0-1032-11db-ae00-b8a03c50a862	18.443286	-72.294033							2013-01-19T01:00Z	19	1	2013	3866294	3866294	PRESERVED_SPECIMEN	FLAS		242478	4326		CC_BY_NC_4_0	University of Florida	Lucas C. Majure			2017-05-23T20:38Z	STILLIMAGE	GEODETIC_DATUM_ASSUMED_WGS84;GEODETIC_DATUM_INVALID
1457823788	b89d52a2-861d-4388-adad-c0da3d55fc78	ea131e8f-160f-4648-a8c6-135ba14dbec6	Plantae	Tracheophyta	Magnoliopsida	Myrtales	Melastomataceae	Miconia	Miconia subcompressa	subcompressa	SUBSPECIES	Miconia subcompressa subsp. subcompressa	HT		8483a1f0-1032-11db-ae00-b8a03c50a862	18.41939	-73.77319							2012-06-20T02:00Z	20	6	2012	7898344	3865660	PRESERVED_SPECIMEN	FLAS		260840	29		CC_BY_NC_4_0	University of Florida	Joel C. Timyan			2017-05-23T20:38Z	STILLIMAGE	GEODETIC_DATUM_ASSUMED_WGS84
1457823407	b89d52a2-861d-4388-adad-c0da3d55fc78	e8f2636c-4f9e-4e0a-afd3-9c47423b5b43	Plantae	Tracheophyta	Magnoliopsida	Myrtales	Melastomataceae	Miconia	Miconia krugii		SPECIES	Miconia krugii Cogn.	HT		8483a1f0-1032-11db-ae00-b8a03c50a862	19.38857	-72.44355							2011-11-22T01:00Z	22	11	2011	3863106	3863106	PRESERVED_SPECIMEN	FLAS		260826	14		CC_BY_NC_4_0	University of Florida	Joel C. Timyan			2017-05-23T20:38Z	STILLIMAGE	GEODETIC_DATUM_ASSUMED_WGS84
1457820360	b89d52a2-861d-4388-adad-c0da3d55fc78	e02f1929-7e88-4a80-9b78-8d851bff29f8	Plantae	Tracheophyta	Magnoliopsida	Myrtales	Melastomataceae	Miconia	Miconia subcompressa	plumieri	SUBSPECIES	Miconia subcompressa subsp. plumieri (Urb. & Ekman) Judd, Majure & Ionta	HT		8483a1f0-1032-11db-ae00-b8a03c50a862	18.34584	-74.0222							2013-01-10T01:00Z	10	1	2013	8171750	3865660	PRESERVED_SPECIMEN	FLAS		242490	4290		CC_BY_NC_4_0	University of Florida	Lucas C. Majure			2017-05-23T20:38Z	STILLIMAGE	GEODETIC_DATUM_ASSUMED_WGS84;GEODETIC_DATUM_INVALID
1457819603	b89d52a2-861d-4388-adad-c0da3d55fc78	dde80a82-27cc-441e-b963-5e94f9aaaa5b	Plantae	Tracheophyta	Magnoliopsida	Myrtales	Melastomataceae	Miconia	Miconia subcompressa	subcompressa	SUBSPECIES	Miconia subcompressa subsp. subcompressa	HT		8483a1f0-1032-11db-ae00-b8a03c50a862	18.32969	-72.37263							2011-11-21T01:00Z	21	11	2011	7898344	3865660	PRESERVED_SPECIMEN	FLAS		260836	6		CC_BY_NC_4_0	University of Florida	Joel C. Timyan			2017-05-23T20:38Z	STILLIMAGE	GEODETIC_DATUM_ASSUMED_WGS84
1457819546	b89d52a2-861d-4388-adad-c0da3d55fc78	ddc2f7cf-42a5-48c0-aa90-40e219aa6f0e	Plantae	Tracheophyta	Magnoliopsida	Myrtales	Melastomataceae	Miconia	Miconia cineana		SPECIES	Miconia cineana Majure, Judd, Ionta & Skean	HT		8483a1f0-1032-11db-ae00-b8a03c50a862	18.31483	-74.00946							2013-01-08T01:00Z	8	1	2013	7394605	7394605	PRESERVED_SPECIMEN	FLAS		242527	2023		CC_BY_NC_4_0	University of Florida	Gretchen M. Ionta	PARATYPE		2017-05-23T20:38Z	STILLIMAGE	GEODETIC_DATUM_ASSUMED_WGS84;GEODETIC_DATUM_INVALID
1457814851	b89d52a2-861d-4388-adad-c0da3d55fc78	d0218f33-64eb-4a3d-b55e-4f41bb3fae58	Plantae	Tracheophyta	Magnoliopsida	Myrtales	Melastomataceae	Miconia	Miconia hispidula		SPECIES	Miconia hispidula (Cogn.) Judd, Bécquer & Majure	HT		8483a1f0-1032-11db-ae00-b8a03c50a862	18.411072	-73.225369							2013-01-17T01:00Z	17	1	2013	7699254	7699254	PRESERVED_SPECIMEN	FLAS		242479	4319		CC_BY_NC_4_0	University of Florida	Lucas C. Majure			2017-05-23T20:37Z	STILLIMAGE	GEODETIC_DATUM_ASSUMED_WGS84;GEODETIC_DATUM_INVALID
1457814089	b89d52a2-861d-4388-adad-c0da3d55fc78	cdb053f0-b928-4546-9519-4694d6b50fa2	Plantae	Tracheophyta	Magnoliopsida	Myrtales	Melastomataceae	Miconia	Miconia angustilamina		SPECIES	Miconia angustilamina (Judd & Skean) Judd & Ionta	HT		8483a1f0-1032-11db-ae00-b8a03c50a862	18.3415	-74.05298							2013-01-10T01:00Z	10	1	2013	7869216	7869216	PRESERVED_SPECIMEN	FLAS		242475	4288		CC_BY_NC_4_0	University of Florida	Lucas C. Majure			2017-05-23T20:37Z	STILLIMAGE	GEODETIC_DATUM_ASSUMED_WGS84;GEODETIC_DATUM_INVALID
1457813352	b89d52a2-861d-4388-adad-c0da3d55fc78	cbc523b1-0506-41de-be8c-d0beae2dbf81	Plantae	Tracheophyta	Magnoliopsida	Myrtales	Melastomataceae	Miconia	Miconia ossaeifolia		SPECIES	Miconia ossaeifolia Urb. & Ekman	HT		8483a1f0-1032-11db-ae00-b8a03c50a862	18.379223	-74.027207							2013-01-12T01:00Z	12	1	2013	3859133	3859133	PRESERVED_SPECIMEN	FLAS		242488	4297		CC_BY_NC_4_0	University of Florida	Lucas C. Majure			2017-05-23T20:37Z	STILLIMAGE	GEODETIC_DATUM_ASSUMED_WGS84;GEODETIC_DATUM_INVALID
1457813201	b89d52a2-861d-4388-adad-c0da3d55fc78	cb649c1e-45b7-48f3-9461-894765f9e34c	Plantae	Tracheophyta	Magnoliopsida	Myrtales	Melastomataceae	Miconia	Miconia laevigata		SPECIES	Miconia laevigata (L.) D.Don	HT		8483a1f0-1032-11db-ae00-b8a03c50a862	18.411072	-73.225369							2013-01-17T01:00Z	17	1	2013	7547085	3188573	PRESERVED_SPECIMEN	FLAS		242484	4325		CC_BY_NC_4_0	University of Florida	Lucas C. Majure			2017-05-23T20:37Z	STILLIMAGE	GEODETIC_DATUM_ASSUMED_WGS84;GEODETIC_DATUM_INVALID
1457811998	b89d52a2-861d-4388-adad-c0da3d55fc78	c7be7cdf-6f2f-4ee2-9f51-9761ed30e1c8	Plantae	Tracheophyta	Magnoliopsida	Myrtales	Melastomataceae	Miconia	Miconia hispidula		SPECIES	Miconia hispidula (Cogn.) Judd, Bécquer & Majure	HT		8483a1f0-1032-11db-ae00-b8a03c50a862	18.270556	-73.989917							2013-01-07T01:00Z	7	1	2013	7699254	7699254	PRESERVED_SPECIMEN	FLAS		242482	4275		CC_BY_NC_4_0	University of Florida	Lucas C. Majure			2017-05-23T20:37Z	STILLIMAGE	GEODETIC_DATUM_ASSUMED_WGS84;GEODETIC_DATUM_INVALID;COORDINATE_ROUNDED
1457811794	b89d52a2-861d-4388-adad-c0da3d55fc78	c77279fc-a795-409c-8e71-b33d558d4563	Plantae	Tracheophyta	Magnoliopsida	Myrtales	Melastomataceae	Miconia	Miconia hottensis		SPECIES	Miconia hottensis Ionta, Judd & Skean	HT		8483a1f0-1032-11db-ae00-b8a03c50a862	18.29623	-73.99812							2013-01-15T01:00Z	15	1	2013	7818743	7818743	PRESERVED_SPECIMEN	FLAS		242534	2052		CC_BY_NC_4_0	University of Florida	Gretchen M. Ionta			2017-05-23T20:37Z	STILLIMAGE	GEODETIC_DATUM_ASSUMED_WGS84;GEODETIC_DATUM_INVALID
1457811300	b89d52a2-861d-4388-adad-c0da3d55fc78	c594d1f4-ac3a-441f-92e4-2b13ad023b0c	Plantae	Tracheophyta	Magnoliopsida	Myrtales	Melastomataceae	Miconia	Miconia xenotricha		SPECIES	Miconia xenotricha Urb. & Ekman	HT		8483a1f0-1032-11db-ae00-b8a03c50a862	18.35149	-74.02144							2013-01-10T01:00Z	10	1	2013	3862711	3862711	PRESERVED_SPECIMEN	FLAS		242498	4293		CC_BY_NC_4_0	University of Florida	Lucas C. Majure			2017-05-23T20:37Z	STILLIMAGE	GEODETIC_DATUM_ASSUMED_WGS84;GEODETIC_DATUM_INVALID
1457811065	b89d52a2-861d-4388-adad-c0da3d55fc78	c506448d-55c5-4e37-9be6-8571bf3583c5	Plantae	Tracheophyta	Magnoliopsida	Myrtales	Melastomataceae	Miconia	Miconia xenotricha		SPECIES	Miconia xenotricha Urb. & Ekman	HT		8483a1f0-1032-11db-ae00-b8a03c50a862	18.35149	-74.02144							2013-01-10T01:00Z	10	1	2013	3862711	3862711	PRESERVED_SPECIMEN	FLAS		242497	4293		CC_BY_NC_4_0	University of Florida	Lucas C. Majure			2017-05-23T20:37Z	STILLIMAGE	GEODETIC_DATUM_ASSUMED_WGS84;GEODETIC_DATUM_INVALID
1457808690	b89d52a2-861d-4388-adad-c0da3d55fc78	be24b3b7-6ef8-4fc0-aaf3-4b9fa426ed48	Plantae	Tracheophyta	Magnoliopsida	Myrtales	Melastomataceae	Miconia	Miconia curvipila		SPECIES	Miconia curvipila (Urb. & Ekman) Ionta, Judd & Skean	HT		8483a1f0-1032-11db-ae00-b8a03c50a862	18.29623	-73.99812							2013-01-15T01:00Z	15	1	2013	7699860	7699860	PRESERVED_SPECIMEN	FLAS		242530	2050		CC_BY_NC_4_0	University of Florida	Gretchen M. Ionta			2017-05-23T20:37Z	STILLIMAGE	GEODETIC_DATUM_ASSUMED_WGS84;GEODETIC_DATUM_INVALID
1457807983	b89d52a2-861d-4388-adad-c0da3d55fc78	bc0834a4-4a2b-4c24-9db2-0588f16b9f67	Plantae	Tracheophyta	Magnoliopsida	Myrtales	Melastomataceae	Miconia	Miconia curvipila		SPECIES	Miconia curvipila (Urb. & Ekman) Ionta, Judd & Skean	HT		8483a1f0-1032-11db-ae00-b8a03c50a862	18.280648	-73.988787							2013-01-15T01:00Z	15	1	2013	7699860	7699860	PRESERVED_SPECIMEN	FLAS		242477	4316		CC_BY_NC_4_0	University of Florida	Lucas C. Majure			2017-05-23T20:37Z	STILLIMAGE	GEODETIC_DATUM_ASSUMED_WGS84;GEODETIC_DATUM_INVALID
1457806161	b89d52a2-861d-4388-adad-c0da3d55fc78	b6b79d44-912d-4912-ae16-2051e2b73b11	Plantae	Tracheophyta	Magnoliopsida	Myrtales	Melastomataceae	Miconia	Miconia xenotricha		SPECIES	Miconia xenotricha Urb. & Ekman	HT		8483a1f0-1032-11db-ae00-b8a03c50a862	18.34584	-74.0222							2013-01-10T01:00Z	10	1	2013	3862711	3862711	PRESERVED_SPECIMEN	FLAS		242495	4291		CC_BY_NC_4_0	University of Florida	Lucas C. Majure			2017-05-23T20:37Z	STILLIMAGE	GEODETIC_DATUM_ASSUMED_WGS84;GEODETIC_DATUM_INVALID
1457804986	b89d52a2-861d-4388-adad-c0da3d55fc78	b3603f72-7f1e-4782-8e8e-068e0af9f724	Plantae	Tracheophyta	Magnoliopsida	Myrtales	Melastomataceae	Miconia	Miconia fuertesii		SPECIES	Miconia fuertesii Cogn.	HT		8483a1f0-1032-11db-ae00-b8a03c50a862	19.38857	-72.44355							2011-11-22T01:00Z	22	11	2011	3865794	3865794	PRESERVED_SPECIMEN	FLAS		260825	13		CC_BY_NC_4_0	University of Florida	Joel C. Timyan			2017-05-23T20:37Z	STILLIMAGE	GEODETIC_DATUM_ASSUMED_WGS84
1457804862	b89d52a2-861d-4388-adad-c0da3d55fc78	b318442f-41f9-48e9-80e1-290a27cd0f5c	Plantae	Tracheophyta	Magnoliopsida	Myrtales	Melastomataceae	Miconia	Miconia dodecandra		SPECIES	Miconia dodecandra (Desr.) Cogn.	HT		8483a1f0-1032-11db-ae00-b8a03c50a862	18.41664	-73.77299							2012-06-20T02:00Z	20	6	2012	3867434	3867434	PRESERVED_SPECIMEN	FLAS		260821	25		CC_BY_NC_4_0	University of Florida	Joel C. Timyan			2017-05-23T20:37Z	STILLIMAGE	GEODETIC_DATUM_ASSUMED_WGS84
1457803557	b89d52a2-861d-4388-adad-c0da3d55fc78	af5f67d3-18c3-48c2-b943-ebd6fb98727b	Plantae	Tracheophyta	Magnoliopsida	Myrtales	Melastomataceae	Miconia	Miconia stenobotrys		SPECIES	Miconia stenobotrys (Rich.) Naud.	HT		8483a1f0-1032-11db-ae00-b8a03c50a862	18.916198	-72.442397							2008-10-30T01:00Z	30	10	2008	3866057	3866057	PRESERVED_SPECIMEN	FLAS		260834			CC_BY_NC_4_0	University of Florida	Joel Timyan			2017-12-11T23:14Z	STILLIMAGE	GEODETIC_DATUM_ASSUMED_WGS84
1457802033	b89d52a2-861d-4388-adad-c0da3d55fc78	ab0a6e48-ad56-4d0e-83ab-b7da791e91d0	Plantae	Tracheophyta	Magnoliopsida	Myrtales	Melastomataceae	Miconia	Miconia laevigata		SPECIES	Miconia laevigata (L.) D.Don	HT		8483a1f0-1032-11db-ae00-b8a03c50a862	19.583333	-72.233333							1985-10-23T01:00Z	23	10	1985	7547085	3188573	PRESERVED_SPECIMEN	FLAS		170163	35710		CC_BY_NC_4_0	University of Florida	T. Zanoni, M. Mejía			2017-05-23T20:37Z		GEODETIC_DATUM_ASSUMED_WGS84;COORDINATE_ROUNDED
1457801588	b89d52a2-861d-4388-adad-c0da3d55fc78	a9b28f71-e932-438b-b3f5-dc75fed08f19	Plantae	Tracheophyta	Magnoliopsida	Myrtales	Melastomataceae	Miconia	Miconia tetrastoma		SPECIES	Miconia tetrastoma Naud.	HT		8483a1f0-1032-11db-ae00-b8a03c50a862	18.443286	-72.294033							2013-01-19T01:00Z	19	1	2013	3188584	3188584	PRESERVED_SPECIMEN	FLAS		242493	4333		CC_BY_NC_4_0	University of Florida	Lucas C. Majure			2017-05-23T20:37Z	STILLIMAGE	GEODETIC_DATUM_ASSUMED_WGS84;GEODETIC_DATUM_INVALID
1457801504	b89d52a2-861d-4388-adad-c0da3d55fc78	a9836205-9c0a-4389-a089-8e57c65eabec	Plantae	Tracheophyta	Magnoliopsida	Myrtales	Melastomataceae	Miconia	Miconia lanceolata		SPECIES	Miconia lanceolata (Desr.) DC.	HT		8483a1f0-1032-11db-ae00-b8a03c50a862	18.32814	-72.00916							2011-11-20T01:00Z	20	11	2011	3862878	3862878	PRESERVED_SPECIMEN	FLAS		260828	1		CC_BY_NC_4_0	University of Florida	Joel C. Timyan			2017-05-23T20:37Z	STILLIMAGE	GEODETIC_DATUM_ASSUMED_WGS84
1457801329	b89d52a2-861d-4388-adad-c0da3d55fc78	a8f1de0a-c946-42a2-99e8-f4d607cc8846	Plantae	Tracheophyta	Magnoliopsida	Myrtales	Melastomataceae	Miconia	Miconia pyramidalis		SPECIES	Miconia pyramidalis (Desr.) DC.	HT		8483a1f0-1032-11db-ae00-b8a03c50a862	19.39399	-72.44833							2011-11-22T01:00Z	22	11	2011	3869702	3869702	PRESERVED_SPECIMEN	FLAS		260832	16		CC_BY_NC_4_0	University of Florida	Joel C. Timyan			2017-05-23T20:37Z	STILLIMAGE	GEODETIC_DATUM_ASSUMED_WGS84
1457801325	b89d52a2-861d-4388-adad-c0da3d55fc78	a8dbb5b1-942f-4f72-8e79-8657eeae1b5c	Plantae	Tracheophyta	Magnoliopsida	Myrtales	Melastomataceae	Miconia	Miconia dodecandra		SPECIES	Miconia dodecandra (Desr.) Cogn.	HT		8483a1f0-1032-11db-ae00-b8a03c50a862	18.41664	-73.77299							2012-06-20T02:00Z	20	6	2012	3867434	3867434	PRESERVED_SPECIMEN	FLAS		260819	20		CC_BY_NC_4_0	University of Florida	Joel C. Timyan			2017-05-23T20:37Z	STILLIMAGE	GEODETIC_DATUM_ASSUMED_WGS84
1457800674	b89d52a2-861d-4388-adad-c0da3d55fc78	a6ffca1d-381b-4c59-9267-c8698a8d232f	Plantae	Tracheophyta	Magnoliopsida	Myrtales	Melastomataceae	Miconia	Miconia calycopteris		SPECIES	Miconia calycopteris (Rich.) Judd, Bécquer & Majure	HT		8483a1f0-1032-11db-ae00-b8a03c50a862	19.516667	-72.483333							1985-06-04T02:00Z	4	6	1985	8062884	8062884	PRESERVED_SPECIMEN	FLAS		176522	34786		CC_BY_NC_4_0	University of Florida	T. Zanoni, M. Mejía, R. García			2017-05-23T20:37Z		GEODETIC_DATUM_ASSUMED_WGS84;COORDINATE_ROUNDED
1457799949	b89d52a2-861d-4388-adad-c0da3d55fc78	a4ce9c9a-81d5-47c5-b560-ad35f85da871	Plantae	Tracheophyta	Magnoliopsida	Myrtales	Melastomataceae	Miconia	Miconia hottensis		SPECIES	Miconia hottensis Ionta, Judd & Skean	HT		8483a1f0-1032-11db-ae00-b8a03c50a862	18.288861	-73.991139							2013-01-07T01:00Z	7	1	2013	7818743	7818743	PRESERVED_SPECIMEN	FLAS		242533	2011		CC_BY_NC_4_0	University of Florida	Gretchen M. Ionta			2017-05-23T20:37Z	STILLIMAGE	GEODETIC_DATUM_ASSUMED_WGS84;GEODETIC_DATUM_INVALID;COORDINATE_ROUNDED
1457799897	b89d52a2-861d-4388-adad-c0da3d55fc78	a4bc5ba3-d272-46d5-b2e5-dd768d680492	Plantae	Tracheophyta	Magnoliopsida	Myrtales	Melastomataceae	Miconia	Miconia subcompressa	subcompressa	SUBSPECIES	Miconia subcompressa subsp. subcompressa	HT		8483a1f0-1032-11db-ae00-b8a03c50a862	18.33726	-73.51084							2012-06-17T02:00Z	17	6	2012	7898344	3865660	PRESERVED_SPECIMEN	FLAS		260838	18		CC_BY_NC_4_0	University of Florida	Joel C. Timyan			2017-05-23T20:37Z	STILLIMAGE	GEODETIC_DATUM_ASSUMED_WGS84
1457799594	b89d52a2-861d-4388-adad-c0da3d55fc78	a3b991b8-dfb6-4f9f-bee0-08fa31bde172	Plantae	Tracheophyta	Magnoliopsida	Myrtales	Melastomataceae	Miconia	Miconia pyramidalis		SPECIES	Miconia pyramidalis (Desr.) DC.	HT		8483a1f0-1032-11db-ae00-b8a03c50a862	18.4	-72.216667							1984-01-25T01:00Z	25	1	1984	3869702	3869702	PRESERVED_SPECIMEN	FLAS		159852	28612		CC_BY_NC_4_0	University of Florida	T. Zanoni, J. Pimentel, R. García			2017-05-23T20:37Z		GEODETIC_DATUM_ASSUMED_WGS84;COORDINATE_ROUNDED
1457797478	b89d52a2-861d-4388-adad-c0da3d55fc78	9d6248f5-162f-4b56-b8ad-e5b56518cc18	Plantae	Tracheophyta	Magnoliopsida	Myrtales	Melastomataceae	Miconia	Miconia pedunculata		SPECIES	Miconia polychaete (Urb. & Ekman) Ionta, Judd & Skean	HT		8483a1f0-1032-11db-ae00-b8a03c50a862	18.32969	-74.00246							2013-01-09T01:00Z	9	1	2013	8042190	8289417	PRESERVED_SPECIMEN	FLAS		242540	2025		CC_BY_NC_4_0	University of Florida	Gretchen M. Ionta			2017-05-23T20:37Z	STILLIMAGE	GEODETIC_DATUM_ASSUMED_WGS84;GEODETIC_DATUM_INVALID
1457797318	b89d52a2-861d-4388-adad-c0da3d55fc78	9d064199-8a52-4d2a-9792-cbf319dcad84	Plantae	Tracheophyta	Magnoliopsida	Myrtales	Melastomataceae	Miconia	Miconia subcompressa	subcompressa	SUBSPECIES	Miconia subcompressa subsp. subcompressa	HT		8483a1f0-1032-11db-ae00-b8a03c50a862	18.33006	-72.37217							2011-11-21T01:00Z	21	11	2011	7898344	3865660	PRESERVED_SPECIMEN	FLAS		260837	11		CC_BY_NC_4_0	University of Florida	Joel C. Timyan			2017-05-23T20:37Z	STILLIMAGE	GEODETIC_DATUM_ASSUMED_WGS84
1457796811	b89d52a2-861d-4388-adad-c0da3d55fc78	9b9e79fd-bc50-4693-91b0-ddecd745b5ad	Plantae	Tracheophyta	Magnoliopsida	Myrtales	Melastomataceae	Miconia	Miconia hispidula		SPECIES	Miconia hispidula (Cogn.) Judd, Bécquer & Majure	HT		8483a1f0-1032-11db-ae00-b8a03c50a862	18.411072	-73.225369							2013-01-17T01:00Z	17	1	2013	7699254	7699254	PRESERVED_SPECIMEN	FLAS		242480	4323		CC_BY_NC_4_0	University of Florida	Lucas C. Majure			2017-05-23T20:37Z	STILLIMAGE	GEODETIC_DATUM_ASSUMED_WGS84;GEODETIC_DATUM_INVALID
1457796709	b89d52a2-861d-4388-adad-c0da3d55fc78	9b3fdab0-0fd4-41c6-b624-34328c031632	Plantae	Tracheophyta	Magnoliopsida	Myrtales	Melastomataceae	Miconia	Miconia curvipila		SPECIES	Miconia curvipila (Urb. & Ekman) Ionta, Judd & Skean	HT		8483a1f0-1032-11db-ae00-b8a03c50a862	18.304611	-73.992222							2013-01-08T01:00Z	8	1	2013	7699860	7699860	PRESERVED_SPECIMEN	FLAS		242529	2019		CC_BY_NC_4_0	University of Florida	Gretchen M. Ionta			2017-05-23T20:37Z	STILLIMAGE	GEODETIC_DATUM_ASSUMED_WGS84;GEODETIC_DATUM_INVALID;COORDINATE_ROUNDED
1457795371	b89d52a2-861d-4388-adad-c0da3d55fc78	974254ba-5318-4313-8c42-630d8902f349	Plantae	Tracheophyta	Magnoliopsida	Myrtales	Melastomataceae	Miconia	Miconia pyramidalis		SPECIES	Miconia pyramidalis (Desr.) DC.	HT		8483a1f0-1032-11db-ae00-b8a03c50a862	18.5	-72.5							1992-07-18T02:00Z	18	7	1992	3869702	3869702	PRESERVED_SPECIMEN	FLAS		205402	46842		CC_BY_NC_4_0	University of Florida	T. Zanoni, R. García			2017-05-23T20:37Z		GEODETIC_DATUM_ASSUMED_WGS84
1457794717	b89d52a2-861d-4388-adad-c0da3d55fc78	956c3386-7c4f-4caa-a380-1be7af75c4a2	Plantae	Tracheophyta	Magnoliopsida	Myrtales	Melastomataceae	Miconia	Miconia macayana		SPECIES	Miconia macayana W.S. Judd & J.D. Skean	HT		8483a1f0-1032-11db-ae00-b8a03c50a862	18.379223	-74.027207							2013-01-12T01:00Z	12	1	2013	3861796	3861796	PRESERVED_SPECIMEN	FLAS		242486	4298		CC_BY_NC_4_0	University of Florida	Lucas C. Majure			2017-05-23T20:37Z	STILLIMAGE	GEODETIC_DATUM_ASSUMED_WGS84;GEODETIC_DATUM_INVALID
1457793054	b89d52a2-861d-4388-adad-c0da3d55fc78	907e26f4-d62f-4ef8-b707-5bce952c579f	Plantae	Tracheophyta	Magnoliopsida	Myrtales	Melastomataceae	Miconia	Miconia xenotricha		SPECIES	Miconia xenotricha Urb. & Ekman	HT		8483a1f0-1032-11db-ae00-b8a03c50a862	18.38291	-74.09502							2011-07-26T02:00Z	26	7	2011	3862711	3862711	PRESERVED_SPECIMEN	FLAS		260847			CC_BY_NC_4_0	University of Florida	Joel Timyan			2017-12-11T23:14Z	STILLIMAGE	GEODETIC_DATUM_ASSUMED_WGS84
1457792921	b89d52a2-861d-4388-adad-c0da3d55fc78	9023aa3d-9822-4c26-a8f0-1fc77e6e0c9b	Plantae	Tracheophyta	Magnoliopsida	Myrtales	Melastomataceae	Miconia	Miconia calycopteris		SPECIES	Miconia calycopteris (Rich.) Judd, Bécquer & Majure	HT		8483a1f0-1032-11db-ae00-b8a03c50a862	19.583333	-72.233333							1987-10-24T01:00Z	24	10	1987	8062884	8062884	PRESERVED_SPECIMEN	FLAS		176521	40602		CC_BY_NC_4_0	University of Florida	T. Zanoni			2017-05-23T20:37Z		GEODETIC_DATUM_ASSUMED_WGS84;COORDINATE_ROUNDED
1457792532	b89d52a2-861d-4388-adad-c0da3d55fc78	8ed47a9d-1ad0-4196-991d-6be697867ce4	Plantae	Tracheophyta	Magnoliopsida	Myrtales	Melastomataceae	Miconia	Miconia curvipila		SPECIES	Miconia curvipila (Urb. & Ekman) Ionta, Judd & Skean	HT		8483a1f0-1032-11db-ae00-b8a03c50a862	18.28198	-73.98831							2013-01-15T01:00Z	15	1	2013	7699860	7699860	PRESERVED_SPECIMEN	FLAS		242532	2055		CC_BY_NC_4_0	University of Florida	Gretchen M. Ionta			2017-05-23T20:37Z	STILLIMAGE	GEODETIC_DATUM_ASSUMED_WGS84;GEODETIC_DATUM_INVALID
1457791533	b89d52a2-861d-4388-adad-c0da3d55fc78	8c025732-8c4c-49a2-b50b-6c70047672aa	Plantae	Tracheophyta	Magnoliopsida	Myrtales	Melastomataceae	Miconia	Miconia basilensis		SPECIES	Miconia basilensis Urb. & Ekman	HT		8483a1f0-1032-11db-ae00-b8a03c50a862	19.38889	-72.44375							2011-11-22T01:00Z	22	11	2011	3859132	3859132	PRESERVED_SPECIMEN	FLAS		260811	15		CC_BY_NC_4_0	University of Florida	Joel C. Timyan			2017-05-23T20:37Z	STILLIMAGE	GEODETIC_DATUM_ASSUMED_WGS84
1457789892	b89d52a2-861d-4388-adad-c0da3d55fc78	87271a22-73f1-4d6f-a84e-c87e893f2472	Plantae	Tracheophyta	Magnoliopsida	Myrtales	Melastomataceae	Miconia	Miconia tetrastoma		SPECIES	Miconia tetrastoma Naud.	HT		8483a1f0-1032-11db-ae00-b8a03c50a862	18.38291	-74.09502							2011-07-25T02:00Z	25	7	2011	3188584	3188584	PRESERVED_SPECIMEN	FLAS		260842			CC_BY_NC_4_0	University of Florida	Joel Timyan			2017-12-11T23:14Z	STILLIMAGE	GEODETIC_DATUM_ASSUMED_WGS84
1457788834	b89d52a2-861d-4388-adad-c0da3d55fc78	84163276-dac9-4f86-a10e-8bf67d39bbfd	Plantae	Tracheophyta	Magnoliopsida	Myrtales	Melastomataceae	Miconia	Miconia barkeri		SPECIES	Miconia barkeri Urb. & Ekman	HT		8483a1f0-1032-11db-ae00-b8a03c50a862	18.35798	-74.02677							2013-01-11T01:00Z	11	1	2013	3859151	3859151	PRESERVED_SPECIMEN	FLAS		242526	2028		CC_BY_NC_4_0	University of Florida	Gretchen M. Ionta			2017-05-23T20:37Z	STILLIMAGE	GEODETIC_DATUM_ASSUMED_WGS84;GEODETIC_DATUM_INVALID
1457788450	b89d52a2-861d-4388-adad-c0da3d55fc78	82aa2959-18d4-4686-8066-b20a579b1379	Plantae	Tracheophyta	Magnoliopsida	Myrtales	Melastomataceae	Miconia	Miconia subcompressa		SPECIES	Miconia subcompressa Urb.	HT		8483a1f0-1032-11db-ae00-b8a03c50a862	18.366667	-73.883333							1983-03-11T01:00Z	11	3	1983	3865660	3865660	PRESERVED_SPECIMEN	FLAS		176594	25668		CC_BY_NC_4_0	University of Florida	T. Zanoni, M. Mejía & J. Pimentel			2017-05-23T20:37Z		GEODETIC_DATUM_ASSUMED_WGS84;COORDINATE_ROUNDED
1457788429	b89d52a2-861d-4388-adad-c0da3d55fc78	82d2d7fc-757e-47de-8963-4442faeb28ad	Plantae	Tracheophyta	Magnoliopsida	Myrtales	Melastomataceae	Miconia	Miconia woodsii		SPECIES	Miconia woodsii (Judd & Skean) Ionta, Judd & Skean	HT		8483a1f0-1032-11db-ae00-b8a03c50a862	18.34201	-74.02194							2013-01-13T01:00Z	13	1	2013	8313124	8313124	PRESERVED_SPECIMEN	FLAS		242546	2037		CC_BY_NC_4_0	University of Florida	Gretchen M. Ionta			2017-08-22T20:45Z	STILLIMAGE	GEODETIC_DATUM_ASSUMED_WGS84;GEODETIC_DATUM_INVALID
1457787846	b89d52a2-861d-4388-adad-c0da3d55fc78	80d4f2dc-ce4b-4251-a687-aeed5c26e666	Plantae	Tracheophyta	Magnoliopsida	Myrtales	Melastomataceae	Miconia	Miconia umbellata		SPECIES	Miconia umbellata (Mill.) Judd & Ionta	HT		8483a1f0-1032-11db-ae00-b8a03c50a862	18.34651	-74.02151							2013-01-10T01:00Z	10	1	2013	7934570	7934570	PRESERVED_SPECIMEN	FLAS		242494	4289		CC_BY_NC_4_0	University of Florida	Lucas C. Majure			2017-05-23T20:37Z	STILLIMAGE	GEODETIC_DATUM_ASSUMED_WGS84;GEODETIC_DATUM_INVALID
1457785601	b89d52a2-861d-4388-adad-c0da3d55fc78	7a401cfd-26c1-46e9-97ae-8b444dd42bc7	Plantae	Tracheophyta	Magnoliopsida	Myrtales	Melastomataceae	Miconia	Miconia xenotricha		SPECIES	Miconia xenotricha Urb. & Ekman	HT		8483a1f0-1032-11db-ae00-b8a03c50a862	18.35149	-74.02144							2013-01-10T01:00Z	10	1	2013	3862711	3862711	PRESERVED_SPECIMEN	FLAS		242496	4293		CC_BY_NC_4_0	University of Florida	Lucas C. Majure			2017-05-23T20:37Z	STILLIMAGE	GEODETIC_DATUM_ASSUMED_WGS84;GEODETIC_DATUM_INVALID
1457785345	b89d52a2-861d-4388-adad-c0da3d55fc78	7991344f-c1f5-4ad1-8e2a-07d327f1cf07	Plantae	Tracheophyta	Magnoliopsida	Myrtales	Melastomataceae	Miconia	Miconia hypiodes		SPECIES	Miconia hypiodes Urb. & Ekman	HT		8483a1f0-1032-11db-ae00-b8a03c50a862	18.35798	-74.02677							2013-01-11T01:00Z	11	1	2013	3863973	3863973	PRESERVED_SPECIMEN	FLAS		242535	2030		CC_BY_NC_4_0	University of Florida	Gretchen M. Ionta			2017-05-23T20:37Z	STILLIMAGE	GEODETIC_DATUM_ASSUMED_WGS84;GEODETIC_DATUM_INVALID
1457784921	b89d52a2-861d-4388-adad-c0da3d55fc78	782ed276-e252-45b4-a25f-fcbe6a10f8f7	Plantae	Tracheophyta	Magnoliopsida	Myrtales	Melastomataceae	Miconia	Miconia coniophora		SPECIES	Miconia coniophora Urb. & Ekman	HT		8483a1f0-1032-11db-ae00-b8a03c50a862	18.916198	-72.442397							2008-10-30T01:00Z	30	10	2008	3869235	3869235	PRESERVED_SPECIMEN	FLAS		260816			CC_BY_NC_4_0	University of Florida	Joel Timyan			2017-12-11T23:14Z	STILLIMAGE	GEODETIC_DATUM_ASSUMED_WGS84
1457783954	b89d52a2-861d-4388-adad-c0da3d55fc78	7566b5f1-9a76-4896-ad67-062d4350273c	Plantae	Tracheophyta	Magnoliopsida	Myrtales	Melastomataceae	Miconia	Miconia curvipila		SPECIES	Miconia curvipila (Urb. & Ekman) Ionta, Judd & Skean	HT		8483a1f0-1032-11db-ae00-b8a03c50a862	18.288861	-73.991139							2013-01-07T01:00Z	7	1	2013	7699860	7699860	PRESERVED_SPECIMEN	FLAS		242528	2012		CC_BY_NC_4_0	University of Florida	Gretchen M. Ionta			2017-05-23T20:37Z	STILLIMAGE	GEODETIC_DATUM_ASSUMED_WGS84;GEODETIC_DATUM_INVALID;COORDINATE_ROUNDED
1457783290	b89d52a2-861d-4388-adad-c0da3d55fc78	73802cf6-488d-47de-9a73-fcd13abcb9a0	Plantae	Tracheophyta	Magnoliopsida	Myrtales	Melastomataceae	Miconia	Miconia umbellata		SPECIES	Miconia umbellata (Mill.) Judd & Ionta	HT		8483a1f0-1032-11db-ae00-b8a03c50a862	19.06764	-72.24281							2011-11-22T01:00Z	22	11	2011	7934570	7934570	PRESERVED_SPECIMEN	FLAS		260845	17		CC_BY_NC_4_0	University of Florida	Joel C. Timyan			2017-05-23T20:37Z	STILLIMAGE	GEODETIC_DATUM_ASSUMED_WGS84
1457782711	b89d52a2-861d-4388-adad-c0da3d55fc78	71c79628-4477-4d91-8fad-5ddafab6bec6	Plantae	Tracheophyta	Magnoliopsida	Myrtales	Melastomataceae	Miconia	Miconia subcompressa	subcompressa	SUBSPECIES	Miconia subcompressa subsp. subcompressa	HT		8483a1f0-1032-11db-ae00-b8a03c50a862	18.366667	-73.883333							1983-03-11T01:00Z	11	3	1983	7898344	3865660	PRESERVED_SPECIMEN	FLAS		170259	25668		CC_BY_NC_4_0	University of Florida	T. Zanoni, M. Mejía & J. Pimentel			2017-05-23T20:37Z		GEODETIC_DATUM_ASSUMED_WGS84;COORDINATE_ROUNDED
1457782564	b89d52a2-861d-4388-adad-c0da3d55fc78	7167de90-b8a7-455d-9c35-261bed5ff6e7	Plantae	Tracheophyta	Magnoliopsida	Myrtales	Melastomataceae	Miconia	Miconia apiculata		SPECIES	Miconia apiculata Urb. & Ekman	HT		8483a1f0-1032-11db-ae00-b8a03c50a862	18.37093	-74.02746							2013-01-11T01:00Z	11	1	2013	3860100	3860100	PRESERVED_SPECIMEN	FLAS		242525	2040		CC_BY_NC_4_0	University of Florida	Gretchen M. Ionta			2017-05-23T20:37Z	STILLIMAGE	GEODETIC_DATUM_ASSUMED_WGS84;GEODETIC_DATUM_INVALID
1457781569	b89d52a2-861d-4388-adad-c0da3d55fc78	6eb03479-518a-4a37-9fd5-83e3b54acf05	Plantae	Tracheophyta	Magnoliopsida	Myrtales	Melastomataceae	Miconia	Miconia tetrastoma		SPECIES	Miconia tetrastoma Naud.	HT		8483a1f0-1032-11db-ae00-b8a03c50a862	18.41853	-73.77499							2012-06-20T02:00Z	20	6	2012	3188584	3188584	PRESERVED_SPECIMEN	FLAS		260843	32		CC_BY_NC_4_0	University of Florida	Joel C. Timyan			2017-05-23T20:37Z	STILLIMAGE	GEODETIC_DATUM_ASSUMED_WGS84
1457779675	b89d52a2-861d-4388-adad-c0da3d55fc78	68eff516-05bd-4dd3-aba2-c4007f07ce3a	Plantae	Tracheophyta	Magnoliopsida	Myrtales	Melastomataceae	Miconia	Miconia punctata		SPECIES	Miconia punctata (Desr.) DC.	HT		8483a1f0-1032-11db-ae00-b8a03c50a862	18.41664	-73.77299							2012-06-20T02:00Z	20	6	2012	3188579	7661791	PRESERVED_SPECIMEN	FLAS		260830	22		CC_BY_NC_4_0	University of Florida	Joel C. Timyan			2017-05-23T20:37Z	STILLIMAGE	GEODETIC_DATUM_ASSUMED_WGS84
1457779098	b89d52a2-861d-4388-adad-c0da3d55fc78	6761f01e-3b29-4663-8c18-f3952d5d7d62	Plantae	Tracheophyta	Magnoliopsida	Myrtales	Melastomataceae	Miconia	Miconia prasina		SPECIES	Miconia prasina (Sw.) DC.	HT		8483a1f0-1032-11db-ae00-b8a03c50a862	18.4	-73.866667							1982-11-14T01:00Z	14	11	1982	3188562	3188562	PRESERVED_SPECIMEN	FLAS		159863	24195		CC_BY_NC_4_0	University of Florida	T. Zanoni, M. Mejía, J. Pimentel			2017-05-23T20:37Z		GEODETIC_DATUM_ASSUMED_WGS84;COORDINATE_ROUNDED
1457779077	b89d52a2-861d-4388-adad-c0da3d55fc78	6756b43b-8407-425f-8a2f-da0ac1c6e916	Plantae	Tracheophyta	Magnoliopsida	Myrtales	Melastomataceae	Miconia	Miconia rubrisetulosa		SPECIES	Miconia rubrisetulosa Ionta, Judd & Skean	HT		8483a1f0-1032-11db-ae00-b8a03c50a862	18.32545	-74.02625							2013-01-14T01:00Z	14	1	2013	7439915	7439915	PRESERVED_SPECIMEN	FLAS		242541	2045		CC_BY_NC_4_0	University of Florida	Gretchen M. Ionta			2017-05-23T20:37Z	STILLIMAGE	GEODETIC_DATUM_ASSUMED_WGS84;GEODETIC_DATUM_INVALID
1457778967	b89d52a2-861d-4388-adad-c0da3d55fc78	67025281-840b-41db-bc68-8558b786865c	Plantae	Tracheophyta	Magnoliopsida	Myrtales	Melastomataceae	Miconia	Miconia umbellata		SPECIES	Miconia umbellata (Mill.) Judd & Ionta	HT		8483a1f0-1032-11db-ae00-b8a03c50a862	18.41939	-73.77319							2012-06-20T02:00Z	20	6	2012	7934570	7934570	PRESERVED_SPECIMEN	FLAS		260846	31		CC_BY_NC_4_0	University of Florida	Joel C. Timyan			2017-05-23T20:37Z	STILLIMAGE	GEODETIC_DATUM_ASSUMED_WGS84
1457776554	b89d52a2-861d-4388-adad-c0da3d55fc78	5fcf34b7-86ec-47bb-83b0-0bb6ec45b7ba	Plantae	Tracheophyta	Magnoliopsida	Myrtales	Melastomataceae	Miconia	Miconia macayana		SPECIES	Miconia macayana W.S. Judd & J.D. Skean	HT		8483a1f0-1032-11db-ae00-b8a03c50a862	18.379223	-74.027207							2013-01-12T01:00Z	12	1	2013	3861796	3861796	PRESERVED_SPECIMEN	FLAS		242536	2035		CC_BY_NC_4_0	University of Florida	Gretchen M. Ionta			2017-05-23T20:37Z	STILLIMAGE	GEODETIC_DATUM_ASSUMED_WGS84;GEODETIC_DATUM_INVALID
1457776495	b89d52a2-861d-4388-adad-c0da3d55fc78	5fa00fa3-1946-4772-8dc1-ad3df717149e	Plantae	Tracheophyta	Magnoliopsida	Myrtales	Melastomataceae	Miconia	Miconia punctata		SPECIES	Miconia punctata (Desr.) DC.	HT		8483a1f0-1032-11db-ae00-b8a03c50a862	18.41853	-73.77499							2012-06-20T02:00Z	20	6	2012	3188579	7661791	PRESERVED_SPECIMEN	FLAS		260831	36		CC_BY_NC_4_0	University of Florida	Joel C. Timyan			2017-05-23T20:37Z	STILLIMAGE	GEODETIC_DATUM_ASSUMED_WGS84
1457775768	b89d52a2-861d-4388-adad-c0da3d55fc78	5d74a6b3-026c-4d2f-9d84-ae824ebe63ec	Plantae	Tracheophyta	Magnoliopsida	Myrtales	Melastomataceae	Miconia	Miconia calycopteris		SPECIES	Miconia calycopteris (Rich.) Judd, Bécquer & Majure	HT		8483a1f0-1032-11db-ae00-b8a03c50a862	19.616667	-72.233333							1985-10-21T01:00Z	21	10	1985	8062884	8062884	PRESERVED_SPECIMEN	FLAS		170133	35617		CC_BY_NC_4_0	University of Florida	T. Zanoni, M. Mejía			2017-05-23T20:37Z		GEODETIC_DATUM_ASSUMED_WGS84;COORDINATE_ROUNDED
1457775432	b89d52a2-861d-4388-adad-c0da3d55fc78	5cb45750-37fe-4443-a991-ff43225cf9dc	Plantae	Tracheophyta	Magnoliopsida	Myrtales	Melastomataceae	Miconia	Miconia navifolia		SPECIES	Miconia navifolia Ionta, Judd & Skean	HT		8483a1f0-1032-11db-ae00-b8a03c50a862	18.29365	-73.99418							2013-01-15T01:00Z	15	1	2013	8160725	8160725	PRESERVED_SPECIMEN	FLAS		242538	2054		CC_BY_NC_4_0	University of Florida	Gretchen M. Ionta			2017-05-23T20:37Z	STILLIMAGE	GEODETIC_DATUM_ASSUMED_WGS84;GEODETIC_DATUM_INVALID
1457773600	b89d52a2-861d-4388-adad-c0da3d55fc78	57260393-a4c2-4c37-b05e-8cee464f1b7f	Plantae	Tracheophyta	Magnoliopsida	Myrtales	Melastomataceae	Miconia	Miconia lanceolata		SPECIES	Miconia lanceolata (Desr.) DC.	HT		8483a1f0-1032-11db-ae00-b8a03c50a862	18.31941	-72.02809							2011-11-20T01:00Z	20	11	2011	3862878	3862878	PRESERVED_SPECIMEN	FLAS		260829	2		CC_BY_NC_4_0	University of Florida	Joel C. Timyan			2017-05-23T20:37Z	STILLIMAGE	GEODETIC_DATUM_ASSUMED_WGS84
1457772932	b89d52a2-861d-4388-adad-c0da3d55fc78	5505c7d4-a496-44ea-83e9-53475082253d	Plantae	Tracheophyta	Magnoliopsida	Myrtales	Melastomataceae	Miconia	Miconia dodecandra		SPECIES	Miconia dodecandra (Desr.) Cogn.	HT		8483a1f0-1032-11db-ae00-b8a03c50a862	18.41664	-73.77299							2012-06-20T02:00Z	20	6	2012	3867434	3867434	PRESERVED_SPECIMEN	FLAS		260820	21		CC_BY_NC_4_0	University of Florida	Joel C. Timyan			2017-05-23T20:37Z	STILLIMAGE	GEODETIC_DATUM_ASSUMED_WGS84
1457772000	b89d52a2-861d-4388-adad-c0da3d55fc78	525b8cdf-b231-40a4-86a1-fd4b9ecd2b83	Plantae	Tracheophyta	Magnoliopsida	Myrtales	Melastomataceae	Miconia	Miconia domingensis		SPECIES	Miconia domingensis Cogn.	HT		8483a1f0-1032-11db-ae00-b8a03c50a862	18.323667	-74.029722							2006-02-04T01:00Z	4	2	2006	3867352	3867352	PRESERVED_SPECIMEN	FLAS		224757	4172		CC_BY_NC_4_0	University of Florida	T. Clase, B. Peguero, J.V. Hilaire, R. Bastardo & E. Fernández			2017-05-23T20:37Z	STILLIMAGE	GEODETIC_DATUM_ASSUMED_WGS84;COORDINATE_ROUNDED
1457771663	b89d52a2-861d-4388-adad-c0da3d55fc78	516a8ee7-3411-4a38-ac66-9d1fed4fd99f	Plantae	Tracheophyta	Magnoliopsida	Myrtales	Melastomataceae	Miconia	Miconia tetrastoma		SPECIES	Miconia tetrastoma Naud.	HT		8483a1f0-1032-11db-ae00-b8a03c50a862	18.34746	-74.02203							2013-01-10T01:00Z	10	1	2013	3188584	3188584	PRESERVED_SPECIMEN	FLAS		242544	2027		CC_BY_NC_4_0	University of Florida	Gretchen M. Ionta			2017-05-23T20:37Z	STILLIMAGE	GEODETIC_DATUM_ASSUMED_WGS84;GEODETIC_DATUM_INVALID
1457771389	b89d52a2-861d-4388-adad-c0da3d55fc78	50a3d40b-3586-4ed0-a522-58f7b97d37e4	Plantae	Tracheophyta	Magnoliopsida	Myrtales	Melastomataceae	Miconia	Miconia laevigata		SPECIES	Miconia laevigata (L.) D.Don	HT		8483a1f0-1032-11db-ae00-b8a03c50a862	19.39242	-72.44713							2011-11-22T01:00Z	22	11	2011	7547085	3188573	PRESERVED_SPECIMEN	FLAS		260827	12		CC_BY_NC_4_0	University of Florida	Joel C. Timyan			2017-05-23T20:37Z	STILLIMAGE	GEODETIC_DATUM_ASSUMED_WGS84
1457770257	b89d52a2-861d-4388-adad-c0da3d55fc78	4d3981ba-99a3-4b01-92b4-941a71040c08	Plantae	Tracheophyta	Magnoliopsida	Myrtales	Melastomataceae	Miconia	Miconia laevigata		SPECIES	Miconia laevigata (L.) D.Don	HT		8483a1f0-1032-11db-ae00-b8a03c50a862	18.5	-72.333333							1984-01-29T01:00Z	29	1	1984	7547085	3188573	PRESERVED_SPECIMEN	FLAS		159851	28903		CC_BY_NC_4_0	University of Florida	T. Zanoni, J. Pimentel, R. García			2017-05-23T20:37Z		GEODETIC_DATUM_ASSUMED_WGS84;COORDINATE_ROUNDED
1457767021	b89d52a2-861d-4388-adad-c0da3d55fc78	4411f90f-f35e-42e5-84f4-1ad238d5fb87	Plantae	Tracheophyta	Magnoliopsida	Myrtales	Melastomataceae	Miconia	Miconia navifolia		SPECIES	Miconia navifolia Ionta, Judd & Skean	HT		8483a1f0-1032-11db-ae00-b8a03c50a862	18.280648	-73.988787							2013-01-15T01:00Z	15	1	2013	8160725	8160725	PRESERVED_SPECIMEN	FLAS		242487	4317		CC_BY_NC_4_0	University of Florida	Lucas C. Majure			2017-05-23T20:37Z	STILLIMAGE	GEODETIC_DATUM_ASSUMED_WGS84;GEODETIC_DATUM_INVALID
1457766885	b89d52a2-861d-4388-adad-c0da3d55fc78	43a922c3-e845-4fd3-8b12-ff47ed6d30af	Plantae	Tracheophyta	Magnoliopsida	Myrtales	Melastomataceae	Miconia	Miconia umbellata		SPECIES	Miconia umbellata (Mill.) Judd & Ionta	HT		8483a1f0-1032-11db-ae00-b8a03c50a862	18.38291	-74.09502							2011-07-25T02:00Z	25	7	2011	7934570	7934570	PRESERVED_SPECIMEN	FLAS		260844			CC_BY_NC_4_0	University of Florida	Joel Timyan			2017-12-11T23:14Z	STILLIMAGE	GEODETIC_DATUM_ASSUMED_WGS84
1457766878	b89d52a2-861d-4388-adad-c0da3d55fc78	43c42dae-e508-48e8-b9fb-ef60eebfadb9	Plantae	Tracheophyta	Magnoliopsida	Myrtales	Melastomataceae	Miconia	Miconia cineana		SPECIES	Miconia cineana Majure, Judd, Ionta & Skean	HT		8483a1f0-1032-11db-ae00-b8a03c50a862	18.316667	-74.027222							2006-02-02T01:00Z	2	2	2006	7394605	7394605	PRESERVED_SPECIMEN	FLAS		224756	4161		CC_BY_NC_4_0	University of Florida	T. Clase, B. Peguero, J.V. Hilaire, R. Bastardo & E. Fernández	PARATYPE		2017-05-23T20:37Z	STILLIMAGE	GEODETIC_DATUM_ASSUMED_WGS84;COORDINATE_ROUNDED
1457766376	b89d52a2-861d-4388-adad-c0da3d55fc78	4209616d-a2bc-4725-8c73-774441ac4864	Plantae	Tracheophyta	Magnoliopsida	Myrtales	Melastomataceae	Miconia	Miconia pyramidalis		SPECIES	Miconia pyramidalis (Desr.) DC.	HT		8483a1f0-1032-11db-ae00-b8a03c50a862	19.06764	-72.24281							2011-11-22T01:00Z	22	11	2011	3869702	3869702	PRESERVED_SPECIMEN	FLAS		260833	17b		CC_BY_NC_4_0	University of Florida	Joel C. Timyan			2017-05-23T20:37Z	STILLIMAGE	GEODETIC_DATUM_ASSUMED_WGS84
1457764882	b89d52a2-861d-4388-adad-c0da3d55fc78	3dad541f-dabb-4bd6-84a7-3d08f04eb370	Plantae	Tracheophyta	Magnoliopsida	Myrtales	Melastomataceae	Miconia	Miconia apiculata		SPECIES	Miconia apiculata Urb. & Ekman	HT		8483a1f0-1032-11db-ae00-b8a03c50a862	18.37093	-74.02746							2013-01-11T01:00Z	11	1	2013	3860100	3860100	PRESERVED_SPECIMEN	FLAS		242476	4294		CC_BY_NC_4_0	University of Florida	Lucas C. Majure			2017-05-23T20:37Z	STILLIMAGE	GEODETIC_DATUM_ASSUMED_WGS84;GEODETIC_DATUM_INVALID
1457762408	b89d52a2-861d-4388-adad-c0da3d55fc78	36e50297-c628-4aaa-a602-565cb211a7cc	Plantae	Tracheophyta	Magnoliopsida	Myrtales	Melastomataceae	Miconia	Miconia prasina		SPECIES	Miconia prasina (Sw.) DC.	HT		8483a1f0-1032-11db-ae00-b8a03c50a862	19.566667	-72.233333							1985-10-26T01:00Z	26	10	1985	3188562	3188562	PRESERVED_SPECIMEN	FLAS		170167	35795		CC_BY_NC_4_0	University of Florida	T. Zanoni, M. Mejía			2017-05-23T20:36Z		GEODETIC_DATUM_ASSUMED_WGS84;COORDINATE_ROUNDED
1457761771	b89d52a2-861d-4388-adad-c0da3d55fc78	34b0431e-578d-4119-8de0-0e5898e8512b	Plantae	Tracheophyta	Magnoliopsida	Myrtales	Melastomataceae	Miconia	Miconia subcompressa	subcompressa	SUBSPECIES	Miconia subcompressa subsp. subcompressa	HT		8483a1f0-1032-11db-ae00-b8a03c50a862	18.31149	-74.00988							2013-01-07T01:00Z	7	1	2013	7898344	3865660	PRESERVED_SPECIMEN	FLAS		242489	4276		CC_BY_NC_4_0	University of Florida	Lucas C. Majure			2017-05-23T20:36Z	STILLIMAGE	GEODETIC_DATUM_ASSUMED_WGS84;GEODETIC_DATUM_INVALID
1457761128	b89d52a2-861d-4388-adad-c0da3d55fc78	3316d53f-3104-4bd7-98c1-cf2f8084b7d8	Plantae	Tracheophyta	Magnoliopsida	Myrtales	Melastomataceae	Miconia	Miconia navifolia		SPECIES	Miconia navifolia Ionta, Judd & Skean	HT		8483a1f0-1032-11db-ae00-b8a03c50a862	18.29365	-73.99418							2013-01-15T01:00Z	15	1	2013	8160725	8160725	PRESERVED_SPECIMEN	FLAS		242539	2054		CC_BY_NC_4_0	University of Florida	Gretchen M. Ionta			2017-05-23T20:36Z	STILLIMAGE	GEODETIC_DATUM_ASSUMED_WGS84;GEODETIC_DATUM_INVALID
1457759818	b89d52a2-861d-4388-adad-c0da3d55fc78	2f498da3-4af0-4e49-86e9-5a827657bb26	Plantae	Tracheophyta	Magnoliopsida	Myrtales	Melastomataceae	Miconia	Miconia alloeotricha		SPECIES	Miconia alloeotricha (Urb.) Judd, Penneys & Skean	HT		8483a1f0-1032-11db-ae00-b8a03c50a862	18.3568	-74.04953							2013-01-11T01:00Z	11	1	2013	3860693	3860693	PRESERVED_SPECIMEN	FLAS		242474	4295		CC_BY_NC_4_0	University of Florida	Lucas C. Majure			2017-05-23T20:36Z	STILLIMAGE	GEODETIC_DATUM_ASSUMED_WGS84;GEODETIC_DATUM_INVALID
1457758355	b89d52a2-861d-4388-adad-c0da3d55fc78	2ae99eec-f5f4-462a-8eaa-27e34cfdb39e	Plantae	Tracheophyta	Magnoliopsida	Myrtales	Melastomataceae	Miconia	Miconia subcompressa	subcompressa	SUBSPECIES	Miconia subcompressa subsp. subcompressa	HT		8483a1f0-1032-11db-ae00-b8a03c50a862	18.33726	-73.51084							2012-06-17T02:00Z	17	6	2012	7898344	3865660	PRESERVED_SPECIMEN	FLAS		260839	19		CC_BY_NC_4_0	University of Florida	Joel C. Timyan			2017-05-23T20:36Z	STILLIMAGE	GEODETIC_DATUM_ASSUMED_WGS84
1457758273	b89d52a2-861d-4388-adad-c0da3d55fc78	2a7fd52a-a8a4-4d1a-8044-39d247aa9c14	Plantae	Tracheophyta	Magnoliopsida	Myrtales	Melastomataceae	Miconia	Miconia hispidula		SPECIES	Miconia hispidula (Cogn.) Judd, Bécquer & Majure	HT		8483a1f0-1032-11db-ae00-b8a03c50a862	18.270556	-73.989917							2013-01-07T01:00Z	7	1	2013	7699254	7699254	PRESERVED_SPECIMEN	FLAS		242481	4275		CC_BY_NC_4_0	University of Florida	Lucas C. Majure			2017-05-23T20:36Z	STILLIMAGE	GEODETIC_DATUM_ASSUMED_WGS84;GEODETIC_DATUM_INVALID;COORDINATE_ROUNDED
1457755833	b89d52a2-861d-4388-adad-c0da3d55fc78	2389e529-e27a-4586-ab4c-3576b4232acf	Plantae	Tracheophyta	Magnoliopsida	Myrtales	Melastomataceae	Miconia	Miconia woodsii		SPECIES	Miconia woodsii (Judd & Skean) Ionta, Judd & Skean	HT		8483a1f0-1032-11db-ae00-b8a03c50a862	18.36515	-74.05479							2013-01-12T01:00Z	12	1	2013	8313124	8313124	PRESERVED_SPECIMEN	FLAS		242545	2033		CC_BY_NC_4_0	University of Florida	Gretchen M. Ionta			2017-05-23T20:36Z	STILLIMAGE	GEODETIC_DATUM_ASSUMED_WGS84;GEODETIC_DATUM_INVALID
1457754652	b89d52a2-861d-4388-adad-c0da3d55fc78	1ff7574c-c52a-4ff6-a407-4fbb47648325	Plantae	Tracheophyta	Magnoliopsida	Myrtales	Melastomataceae	Miconia	Miconia subcompressa	plumieri	SUBSPECIES	Miconia subcompressa subsp. plumieri (Urb. & Ekman) Judd, Majure & Ionta	HT		8483a1f0-1032-11db-ae00-b8a03c50a862	18.382106	-74.02466							2013-01-12T01:00Z	12	1	2013	8171750	3865660	PRESERVED_SPECIMEN	FLAS		242542	2034		CC_BY_NC_4_0	University of Florida	Gretchen M. Ionta			2017-05-23T20:36Z	STILLIMAGE	GEODETIC_DATUM_ASSUMED_WGS84;GEODETIC_DATUM_INVALID
1457752746	b89d52a2-861d-4388-adad-c0da3d55fc78	1a4b06e1-4576-4a08-9288-09163ee17a3c	Plantae	Tracheophyta	Magnoliopsida	Myrtales	Melastomataceae	Miconia	Miconia crotonifolia		SPECIES	Miconia crotonifolia (Desr.) Judd & Ionta	HT		8483a1f0-1032-11db-ae00-b8a03c50a862	18.32969	-72.37263							2011-11-21T01:00Z	21	11	2011	7987772	7987772	PRESERVED_SPECIMEN	FLAS		260818	7		CC_BY_NC_4_0	University of Florida	Joel C. Timyan			2017-05-23T20:36Z	STILLIMAGE	GEODETIC_DATUM_ASSUMED_WGS84
1457752022	b89d52a2-861d-4388-adad-c0da3d55fc78	1844dc46-3872-42f8-af20-9ea3033f317a	Plantae	Tracheophyta	Magnoliopsida	Myrtales	Melastomataceae	Miconia	Miconia tetrastoma		SPECIES	Miconia tetrastoma Naud.	HT		8483a1f0-1032-11db-ae00-b8a03c50a862	18.33335	-74.01212							2013-01-09T01:00Z	9	1	2013	3188584	3188584	PRESERVED_SPECIMEN	FLAS		242491	4285		CC_BY_NC_4_0	University of Florida	Lucas C. Majure			2017-05-23T20:36Z	STILLIMAGE	GEODETIC_DATUM_ASSUMED_WGS84;GEODETIC_DATUM_INVALID
1457750511	b89d52a2-861d-4388-adad-c0da3d55fc78	13bdce14-c30b-46cd-9aa4-67291dbcdb9c	Plantae	Tracheophyta	Magnoliopsida	Myrtales	Melastomataceae	Miconia	Miconia crotonifolia		SPECIES	Miconia crotonifolia (Desr.) Judd & Ionta	HT		8483a1f0-1032-11db-ae00-b8a03c50a862	19.06981	-72.24928							2011-11-23T01:00Z	23	11	2011	7987772	7987772	PRESERVED_SPECIMEN	FLAS		260817			CC_BY_NC_4_0	University of Florida	Joel C. Timyan			2017-05-23T20:36Z	STILLIMAGE	GEODETIC_DATUM_ASSUMED_WGS84
1457749433	b89d52a2-861d-4388-adad-c0da3d55fc78	108b8713-8c57-4dd5-a998-daf65d7e8f8d	Plantae	Tracheophyta	Magnoliopsida	Myrtales	Melastomataceae	Miconia	Miconia navifolia		SPECIES	Miconia navifolia Ionta, Judd & Skean	HT		8483a1f0-1032-11db-ae00-b8a03c50a862	18.29623	-73.99812							2013-01-15T01:00Z	15	1	2013	8160725	8160725	PRESERVED_SPECIMEN	FLAS		242537	2051		CC_BY_NC_4_0	University of Florida	Gretchen M. Ionta			2017-05-23T20:36Z	STILLIMAGE	GEODETIC_DATUM_ASSUMED_WGS84;GEODETIC_DATUM_INVALID
1457748739	b89d52a2-861d-4388-adad-c0da3d55fc78	0eb1d8aa-e561-4d35-9fee-91dfcc11c87f	Plantae	Tracheophyta	Magnoliopsida	Myrtales	Melastomataceae	Miconia	Miconia subcompressa	subcompressa	SUBSPECIES	Miconia subcompressa subsp. subcompressa	HT		8483a1f0-1032-11db-ae00-b8a03c50a862	18.32969	-72.37263							2011-11-21T01:00Z	21	11	2011	7898344	3865660	PRESERVED_SPECIMEN	FLAS		260835	5		CC_BY_NC_4_0	University of Florida	Joel C. Timyan			2017-05-23T20:36Z	STILLIMAGE	GEODETIC_DATUM_ASSUMED_WGS84
1457748582	b89d52a2-861d-4388-adad-c0da3d55fc78	0e1c7444-8d47-43fb-b11a-dac42eb9cb09	Plantae	Tracheophyta	Magnoliopsida	Myrtales	Melastomataceae	Miconia	Miconia subcompressa	subcompressa	SUBSPECIES	Miconia subcompressa subsp. subcompressa	HT		8483a1f0-1032-11db-ae00-b8a03c50a862	18.366667	-73.883333							1983-03-11T01:00Z	11	3	1983	7898344	3865660	PRESERVED_SPECIMEN	FLAS		170258	25668		CC_BY_NC_4_0	University of Florida	T. Zanoni, M. Mejía & J. Pimentel			2017-05-23T20:36Z		GEODETIC_DATUM_ASSUMED_WGS84;COORDINATE_ROUNDED
1457747003	b89d52a2-861d-4388-adad-c0da3d55fc78	09cee814-b74e-40fd-8f06-da4f7ee1f213	Plantae	Tracheophyta	Magnoliopsida	Myrtales	Melastomataceae	Miconia	Miconia domingensis		SPECIES	Miconia domingensis Cogn.	HT		8483a1f0-1032-11db-ae00-b8a03c50a862	18.33006	-72.37217							2011-11-21T01:00Z	21	11	2011	3867352	3867352	PRESERVED_SPECIMEN	FLAS		260823	8		CC_BY_NC_4_0	University of Florida	Joel C. Timyan			2017-05-23T20:36Z	STILLIMAGE	GEODETIC_DATUM_ASSUMED_WGS84
1457745976	b89d52a2-861d-4388-adad-c0da3d55fc78	06969d0f-8a3a-4b2f-8651-3ecd6c64b4a7	Plantae	Tracheophyta	Magnoliopsida	Myrtales	Melastomataceae	Miconia	Miconia curvipila		SPECIES	Miconia curvipila (Urb. & Ekman) Ionta, Judd & Skean	HT		8483a1f0-1032-11db-ae00-b8a03c50a862	18.29413	-73.99434							2013-01-15T01:00Z	15	1	2013	7699860	7699860	PRESERVED_SPECIMEN	FLAS		242531	2053		CC_BY_NC_4_0	University of Florida	Gretchen M. Ionta			2017-05-23T20:36Z	STILLIMAGE	GEODETIC_DATUM_ASSUMED_WGS84;GEODETIC_DATUM_INVALID
1426516522	f934f8e2-32ca-46a7-b2f8-b032a4740454	urn:catalog:CAS:BOT-BC:523953	Plantae	Tracheophyta	Magnoliopsida	Myrtales	Melastomataceae	Miconia			GENUS	Miconia Ruiz & Pav.	HT	Massif de la Hotte. Parc National Pic Macaya. Forested area along main road near the ntrance to the community Formon	66522820-055c-11d8-b84e-b8a03c50a862	18.326111	-74.010833			989.0				2015-01-10T01:00Z	10	1	2015	3188558		PRESERVED_SPECIMEN	CAS	BOT-BC	523953	14376		CC0_1_0		Clark, J. L.; Cinea, W.; Henrys, I.; Sturla, M.; Eudia, S. R.			2017-06-19T20:41Z		GEODETIC_DATUM_ASSUMED_WGS84;COORDINATE_ROUNDED
1319516976	821cc27a-e3bb-4bc5-ac34-89ada245069d	http://n2t.net/ark:/65665/3666055e2-dda0-4300-ac73-c2579e0b39df	Plantae	Tracheophyta	Magnoliopsida	Myrtales	Melastomataceae	Miconia	Miconia calycopteris		SPECIES	Miconia calycopteris (Rich.) Judd, Bécquer & Majure	HT	down north of Paso de Puilboreau	bc092ff0-02e4-11dc-991f-b8a03c50a862	19.52	-72.48			700.0	100.0			1985-06-04T02:00Z	4	6	1985	8062884	8062884	PRESERVED_SPECIMEN	US	Botany	3641916	34786	Bécquer Granados, E. R., (HAJB)	CC0_1_0		T. A. Zanoni, M. Mejia & R. Garcia			2017-10-27T10:50Z		COUNTRY_DERIVED_FROM_COORDINATES;GEODETIC_DATUM_ASSUMED_WGS84;COUNTRY_INVALID
1318448863	821cc27a-e3bb-4bc5-ac34-89ada245069d	http://n2t.net/ark:/65665/3372173a5-1315-442e-83d9-5b227f02d64e	Plantae	Tracheophyta	Magnoliopsida	Myrtales	Melastomataceae	Miconia	Miconia barkeri		SPECIES	Miconia barkeri Urb. & Ekman	HT	Massif de la Hotte. Parc National Pic Macaya. Southern slopes of Morne Formon, near Ville Formon.	bc092ff0-02e4-11dc-991f-b8a03c50a862	18.3497	-74.0228			1550.0	150.0			2015-01-11T01:00Z	11	1	2015	3859151	3859151	PRESERVED_SPECIMEN	US	Botany	3683884	14406	Michelangeli, F. A.	CC0_1_0		J. L. Clark, W. Cinea, I. Henrys, M. Sturla & S. Eudia			2017-06-02T22:21Z		GEODETIC_DATUM_ASSUMED_WGS84
1317326026	821cc27a-e3bb-4bc5-ac34-89ada245069d	http://n2t.net/ark:/65665/30575c091-b728-4a46-8358-6004bef31672	Plantae	Tracheophyta	Magnoliopsida	Myrtales	Melastomataceae	Miconia	Miconia angustilamina		SPECIES	Miconia angustilamina (Judd & Skean) Judd & Ionta	HT	"Massif de la Selle: Dept. l'Oust"" Morne l'Hopital, Rue Boullier, on the high hill, side opposite from Port-au-Prince."	bc092ff0-02e4-11dc-991f-b8a03c50a862	18.5	-72.33			467.5	392.5			1983-07-15T02:00Z	15	7	1983	7869216	7869216	PRESERVED_SPECIMEN	US	Botany	3662265	26205	Michelangeli, F. A.	CC0_1_0		T. A. Zanoni & M. Mejia			2017-10-27T08:46Z		GEODETIC_DATUM_ASSUMED_WGS84
1317308989	821cc27a-e3bb-4bc5-ac34-89ada245069d	http://n2t.net/ark:/65665/304b81bdd-27c0-43cd-bf50-b168ed84958d	Plantae	Tracheophyta	Magnoliopsida	Myrtales	Melastomataceae	Miconia	Miconia subcompressa		SPECIES	Miconia subcompressa Urb.	HT	Saint Louis du Sud trail towards village of Grand-Fond and then elongate ridge to an abandoned fort called Connet Carré.	bc092ff0-02e4-11dc-991f-b8a03c50a862	18.3281	-73.4542			744.5	444.5			2015-01-06T01:00Z	6	1	2015	3865660	3865660	PRESERVED_SPECIMEN	US	Botany	3683878	14310	Michelangeli, F. A.	CC0_1_0		J. L. Clark, W. Cinea, M. Sturla & D. Cevelorme			2017-10-27T08:46Z		GEODETIC_DATUM_ASSUMED_WGS84
1260847997	7bd65a7a-f762-11e1-a439-00145eb45e9a	urn:catalog:MO:Tropicos:3431252	Plantae	Tracheophyta	Magnoliopsida	Myrtales	Melastomataceae	Miconia	Miconia angustilamina		SPECIES	Heterotrichum angustifolium DC.	HT	Massif de la Selle: Dept. l'Ouest: Morne l'Hopital, Rue Boullier, en la loma alta, ladera frente a Port-au-Prince; poca vegetación original, con casas y fincas viejas sobre caliza blanca.	90fd6680-349f-11d8-aa2d-b8a03c50a862	18.5	-72.33333			467.5	392.5			1983-07-15T02:00Z	15	7	1983	5420898	7869216	PRESERVED_SPECIMEN	MO	MO	3431252	Zanoni 26205		CC_BY_4_0	Missouri Botanical Garden	Thomas A. Zanoni|Milcíades M. Mejía			2017-02-18T10:56Z		GEODETIC_DATUM_ASSUMED_WGS84
1260832353	7bd65a7a-f762-11e1-a439-00145eb45e9a	urn:catalog:MO:Tropicos:3417199	Plantae	Tracheophyta	Magnoliopsida	Myrtales	Melastomataceae	Miconia	Miconia subcompressa		SPECIES	Miconia subcompressa Urb.	HT	Península de Tiburón, Dpto. Sur, Formón, Massif de La Hotte, Pic Le Ciel, bosque nublado con grandes pinos y gran población de Arstrotylidium helechos.	90fd6680-349f-11d8-aa2d-b8a03c50a862	18.355	-74.01944			1850.0	50.0			2006-02-06T01:00Z	6	2	2006	3865660	3865660	PRESERVED_SPECIMEN	MO	MO	3417199	Clase G. 4184		CC_BY_4_0	Missouri Botanical Garden	Teodoro Clase			2017-02-18T23:54Z		GEODETIC_DATUM_ASSUMED_WGS84
1260832333	7bd65a7a-f762-11e1-a439-00145eb45e9a	urn:catalog:MO:Tropicos:3417194	Plantae	Tracheophyta	Magnoliopsida	Myrtales	Melastomataceae	Miconia	Miconia subcompressa		SPECIES	Miconia subcompressa Urb.	HT	Península de Tiburón, Dpto. Sur, Formón, Bois Cavalier, al Suroeste de Kay Michel, bosque relito en áreas impactadas por cultivos, zona muy húmeda.	90fd6680-349f-11d8-aa2d-b8a03c50a862	18.32972	-74.0275			1100.0				2006-02-02T01:00Z	2	2	2006	3865660	3865660	PRESERVED_SPECIMEN	MO	MO	3417194	Clase G. 4130		CC_BY_4_0	Missouri Botanical Garden	Teodoro Clase			2017-02-18T23:54Z		GEODETIC_DATUM_ASSUMED_WGS84
1260832318	7bd65a7a-f762-11e1-a439-00145eb45e9a	urn:catalog:MO:Tropicos:3417192	Plantae	Tracheophyta	Magnoliopsida	Myrtales	Melastomataceae	Miconia	Miconia subcompressa		SPECIES	Miconia subcompressa Urb.	HT	Península de Tiburón, Dpto. Sur, Formón, Bois Cavalier, al Suroeste de Kay Michel, bosque relito en áreas impactadas por cultivos, zona muy húmeda.	90fd6680-349f-11d8-aa2d-b8a03c50a862	18.32972	-74.0275			1100.0				2006-02-02T01:00Z	2	2	2006	3865660	3865660	PRESERVED_SPECIMEN	MO	MO	3417192	Clase G. 4137		CC_BY_4_0	Missouri Botanical Garden	Teodoro Clase			2017-02-18T23:54Z		GEODETIC_DATUM_ASSUMED_WGS84
1260832298	7bd65a7a-f762-11e1-a439-00145eb45e9a	urn:catalog:MO:Tropicos:3417190	Plantae	Tracheophyta	Magnoliopsida	Myrtales	Melastomataceae	Miconia	Miconia tetrastoma		SPECIES	Miconia tetrastoma Naud.	HT	Península de Tiburón, Dpto. Sur, Formón, Bois Cavalier, al Suroeste de Kay Michel, bosque relito en áreas impactadas por cultivos, zona muy húmeda.	90fd6680-349f-11d8-aa2d-b8a03c50a862	18.32972	-74.0275			1100.0				2006-02-02T01:00Z	2	2	2006	3188584	3188584	PRESERVED_SPECIMEN	MO	MO	3417190	Clase G. 4139		CC_BY_4_0	Missouri Botanical Garden	Teodoro Clase			2017-02-18T23:54Z		GEODETIC_DATUM_ASSUMED_WGS84
1260539441	7bd65a7a-f762-11e1-a439-00145eb45e9a	urn:catalog:MO:Tropicos:3151976	Plantae	Tracheophyta	Magnoliopsida	Myrtales	Melastomataceae	Miconia	Miconia favosa		SPECIES	Miconia favosa (Desr.) Naud.	HT	Massif de la Selle; parc National Morne la Visite; Morne d' Enfer, eastern slopes and ridge. This peak is west of Morne la Visite. Cloud forest with ; Cordia, Cocccoloba, Ardisia, Myrsine, Palicourea.	90fd6680-349f-11d8-aa2d-b8a03c50a862	18.35	-72.28333			1865.0	15.0			1984-05-14T02:00Z	14	5	1984	3866383	3866383	PRESERVED_SPECIMEN	MO	MO	3151976	Judd 4658	Walter S. Judd	CC_BY_4_0	Missouri Botanical Garden	Walter S. Judd			2017-02-18T23:54Z		GEODETIC_DATUM_ASSUMED_WGS84;IDENTIFIED_DATE_UNLIKELY
1260539317	7bd65a7a-f762-11e1-a439-00145eb45e9a	urn:catalog:MO:Tropicos:3151800	Plantae	Tracheophyta	Magnoliopsida	Myrtales	Melastomataceae	Miconia	Miconia ferruginea		SPECIES	Miconia ferruginea (Desr.) DC.	HT	Massif de la Selle; E f Seguin on old Road To Mare Rouge deivable about 10 years ago, now only passable onfoor or by horse. Which runs along South edge of Parc National Morne la Visite.	90fd6680-349f-11d8-aa2d-b8a03c50a862	18.33333	-72.16666			1837.5	62.5			1993-06-05T02:00Z	5	6	1993	3866294	3866294	PRESERVED_SPECIMEN	MO	MO	3151800	Judd 6873	Walter S. Judd	CC_BY_4_0	Missouri Botanical Garden	Walter S. Judd|J. Dan Skean|R. Ambroise			2017-02-18T23:54Z		GEODETIC_DATUM_ASSUMED_WGS84;IDENTIFIED_DATE_UNLIKELY
1259822468	7bd65a7a-f762-11e1-a439-00145eb45e9a	urn:catalog:MO:Tropicos:2501939	Plantae	Tracheophyta	Magnoliopsida	Myrtales	Melastomataceae	Miconia	Miconia prasina		SPECIES	Miconia prasina (Sw.) DC.	HT	Vicinity of Dondon, Departement du Nord; Thickets on mountain slope.	90fd6680-349f-11d8-aa2d-b8a03c50a862	19.533333	-72.233333							1926-01-07T01:00Z	7	1	1926	3188562	3188562	PRESERVED_SPECIMEN	MO	MO	2501939	Leonard 8592	Walter S. Judd	CC_BY_4_0	Missouri Botanical Garden	E.C. Leonard			2017-02-18T23:54Z		GEODETIC_DATUM_ASSUMED_WGS84;COORDINATE_ROUNDED;IDENTIFIED_DATE_UNLIKELY
1259821393	7bd65a7a-f762-11e1-a439-00145eb45e9a	urn:catalog:MO:Tropicos:2500967	Plantae	Tracheophyta	Magnoliopsida	Myrtales	Melastomataceae	Miconia	Miconia laevigata		SPECIES	Miconia laevigata (L.) D.Don	HT	Vicinity of Marmelade,	90fd6680-349f-11d8-aa2d-b8a03c50a862	19.51666	-72.35			800.0				1925-12-20T01:00Z	20	12	1925	7547085	3188573	PRESERVED_SPECIMEN	MO	MO	2500967	Leonard 8327		CC_BY_4_0	Missouri Botanical Garden	E.C. Leonard			2017-02-18T23:54Z		GEODETIC_DATUM_ASSUMED_WGS84
1259820450	7bd65a7a-f762-11e1-a439-00145eb45e9a	urn:catalog:MO:Tropicos:2500131	Plantae	Tracheophyta	Magnoliopsida	Myrtales	Melastomataceae	Miconia	Miconia pyramidalis		SPECIES	Miconia pyramidalis (Desr.) DC.	HT	Vicinity of Port De Paix.	90fd6680-349f-11d8-aa2d-b8a03c50a862	19.938	-72.83							1929-01-22T01:00Z	22	1	1929	3869702	3869702	PRESERVED_SPECIMEN	MO	MO	2500131	Leonard 12254	Walter S. Judd	CC_BY_4_0	Missouri Botanical Garden	E.C. Leonard|G.M. Leonard			2017-02-18T23:54Z		GEODETIC_DATUM_ASSUMED_WGS84;IDENTIFIED_DATE_UNLIKELY
1259819752	7bd65a7a-f762-11e1-a439-00145eb45e9a	urn:catalog:MO:Tropicos:2499474	Plantae	Tracheophyta	Magnoliopsida	Myrtales	Melastomataceae	Miconia	Miconia laevigata		SPECIES	Miconia laevigata (L.) D.Don	HT	Massif de La Selle: sobre Morne de L'Hopital: al sur de la ciudad de Port - au- Prince: entrada por camino a Rte. de Boutilliers en Laboule de Petionville y salida Ave. Mgr. Guilloux (creca del hospital) en Port -au-Prince: loma con bosque latifoliado y muy disturbado, con conucos, residencias etc.	90fd6680-349f-11d8-aa2d-b8a03c50a862	18.5	-72.33333			735.0	15.0			1984-01-29T01:00Z	29	1	1984	7547085	3188573	PRESERVED_SPECIMEN	MO	MO	2499474	Zanoni 28903		CC_BY_4_0	Missouri Botanical Garden	Thomas A. Zanoni|José D. Pimentel B.|Ricardo G. García			2017-02-18T23:54Z		GEODETIC_DATUM_ASSUMED_WGS84
1259818944	7bd65a7a-f762-11e1-a439-00145eb45e9a	urn:catalog:MO:Tropicos:2498747	Plantae	Tracheophyta	Magnoliopsida	Myrtales	Melastomataceae	Miconia	Miconia laevigata		SPECIES	Miconia laevigata (L.) D.Don	HT	La Rochelle Valley, Vicinity of Basse Terre, Tortur Island.	90fd6680-349f-11d8-aa2d-b8a03c50a862	20.0	-72.71666							1929-03-21T01:00Z	21	3	1929	7547085	3188573	PRESERVED_SPECIMEN	MO	MO	2498747	Leonard 12431	Walter S. Judd	CC_BY_4_0	Missouri Botanical Garden	E.C. Leonard|G.M. Leonard			2017-02-18T23:54Z		GEODETIC_DATUM_ASSUMED_WGS84;IDENTIFIED_DATE_UNLIKELY
1259818755	7bd65a7a-f762-11e1-a439-00145eb45e9a	urn:catalog:MO:Tropicos:2498580	Plantae	Tracheophyta	Magnoliopsida	Myrtales	Melastomataceae	Miconia	Miconia laevigata		SPECIES	Miconia laevigata (L.) D.Don	HT	La Victoire	90fd6680-349f-11d8-aa2d-b8a03c50a862	19.33333	-72.03333							1943-12-05T01:00Z	5	12	1943	7547085	3188573	PRESERVED_SPECIMEN	MO	MO	2498580	Holdridge 1842	Walter S. Judd	CC_BY_4_0	Missouri Botanical Garden	Leslie R. Holdridge			2017-02-18T23:54Z		GEODETIC_DATUM_ASSUMED_WGS84;IDENTIFIED_DATE_UNLIKELY
1144733724	f577c9f3-ae71-4278-b6bf-512ba1dfaa21		Plantae	Tracheophyta	Magnoliopsida	Myrtales	Melastomataceae	Miconia	Miconia scalpta		SPECIES	Ossaea scalpta (Vent.) DC.	HT	Nord-Est - St Domingue [Sainte-Suzanne]/Département du Nord-Est	43a26bbf-466a-4335-96cc-01d0656c614a	19.49222	-71.90361											3188549	7768185	LIVING_SPECIMEN	G	Geneva Herbarium – General Collection (G)	G-G-358893/1		Callmander, M. W. (2014)	CC_BY_NC_4_0		Ventenat, E. P. (Coll. Ventenat)	HOLOTYPE		2017-02-19T04:14Z		RECORDED_DATE_INVALID;GEODETIC_DATUM_ASSUMED_WGS84
1144724921	f577c9f3-ae71-4278-b6bf-512ba1dfaa21		Plantae	Tracheophyta	Magnoliopsida	Myrtales	Melastomataceae	Miconia	Miconia apiculata		SPECIES	Miconia apiculata Urb. & Ekman	HT	Haïti - Massif de la Hotte, W group, Torbec, Mt. Formon	43a26bbf-466a-4335-96cc-01d0656c614a	18.94167	-72.67944			2225.0				1927-01-01T01:00Z	1	1	1927	3860100	3860100	PRESERVED_SPECIMEN	G	Geneva Herbarium – General Collection (G)	G-G-257400/1			CC_BY_NC_4_0		Ekman, E. L. (Coll. Delessert 1938)	ISOTYPE		2017-02-18T23:53Z		GEODETIC_DATUM_ASSUMED_WGS84
1144724914	f577c9f3-ae71-4278-b6bf-512ba1dfaa21		Plantae	Tracheophyta	Magnoliopsida	Myrtales	Melastomataceae	Miconia	Miconia barkeri		SPECIES	Miconia barkeri Urb. & Ekman	HT	Haïti - Hispaniola: massif de la Hotte, W group, Torbec, Summit above La-Mare-Proux	43a26bbf-466a-4335-96cc-01d0656c614a	18.94167	-72.67944			1780.0				1925-12-08T01:00Z	8	12	1925	3859151	3859151	PRESERVED_SPECIMEN	G	Geneva Herbarium – General Collection (G)	G-G-257398/1			CC_BY_NC_4_0		Ekman, E. L. (Coll. Delessert 1938)	ISOTYPE		2017-02-18T23:53Z		GEODETIC_DATUM_ASSUMED_WGS84
1144724907	f577c9f3-ae71-4278-b6bf-512ba1dfaa21		Plantae	Tracheophyta	Magnoliopsida	Myrtales	Melastomataceae	Miconia	Miconia basilensis		SPECIES	Miconia basilensis Urb. & Ekman	HT	Haïti - Hispaniola massif du Nord, Emery, top of Morne Basila	43a26bbf-466a-4335-96cc-01d0656c614a	18.94167	-72.67944			1400.0				1928-03-07T01:00Z	7	3	1928	3859132	3859132	PRESERVED_SPECIMEN	G	Geneva Herbarium – General Collection (G)	G-G-257397/1			CC_BY_NC_4_0		Ekman, E. L. (Coll. Delessert 1938)	ISOTYPE		2017-02-18T23:53Z		GEODETIC_DATUM_ASSUMED_WGS84
1144715223	f577c9f3-ae71-4278-b6bf-512ba1dfaa21		Plantae	Tracheophyta	Magnoliopsida	Myrtales	Melastomataceae	Miconia	Miconia hybophylla		SPECIES	Leandra hybophylla (Urb.) Alain	HT	Haïti - Massif des Cahos, Petite-Rivière de l'Artibonite, Pérodin at Ingram	43a26bbf-466a-4335-96cc-01d0656c614a	18.94167	-72.67944			1200.0				1925-03-07T01:00Z	7	3	1925	3864016	7761037	PRESERVED_SPECIMEN	G	Geneva Herbarium – General Collection (G)	G-G-257179/1		Callmander, M. W. (2012)	CC_BY_NC_4_0		Ekman, E. L. (Coll. Delessert 1938)	ISOTYPE		2017-02-18T17:44Z		GEODETIC_DATUM_ASSUMED_WGS84
1144715217	f577c9f3-ae71-4278-b6bf-512ba1dfaa21		Plantae	Tracheophyta	Magnoliopsida	Myrtales	Melastomataceae	Miconia	Miconia marigotiana		SPECIES	Leandra marigotiana (Urb. & Ekm.) Alain	HT	Haïti - Massif de la Selle, Marigot, Gd. Basin Chotard	43a26bbf-466a-4335-96cc-01d0656c614a	18.94167	-72.67944			1750.0				1928-06-09T01:00Z	9	6	1928	3863416	8408705	PRESERVED_SPECIMEN	G	Geneva Herbarium – General Collection (G)	G-G-257180/1		Callmander, M. W. (2012)	CC_BY_NC_4_0		Ekman, E. L. (Coll. Delessert 1938)	ISOTYPE		2017-02-18T17:44Z		GEODETIC_DATUM_ASSUMED_WGS84
1098430673	d415c253-4d61-4459-9d25-4015b9084fb0	ffc1d088-bd49-43d0-bd75-ff48dc9cb35a	Plantae	Tracheophyta	Magnoliopsida	Myrtales	Melastomataceae	Miconia	Miconia subcompressa		SPECIES	Miconia subcompressa Urb.	HT	Massif de la Hotte. Parque Nacional Pic Macaya. Forested area along main road near entrance to the community Formon.	ae447c50-b8a8-11d8-92a4-b8a03c50a862	18.3261	-74.0108							2015-01-10T01:00Z	10	1	2015	3865660	3865660	PRESERVED_SPECIMEN	NY	NY	02449399	14376		CC0_1_0	The New York Botanical Garden	J. L. Clark			2017-12-20T16:32Z	STILLIMAGE	GEODETIC_DATUM_ASSUMED_WGS84
1098276409	d415c253-4d61-4459-9d25-4015b9084fb0	e41a6564-a7c0-440b-b802-aba5b6e61896	Plantae	Tracheophyta	Magnoliopsida	Myrtales	Melastomataceae	Miconia	Miconia angustilamina		SPECIES	Clidemia angustilamina W.S. Judd & J.D. Skean	HT	"Dept. Artibonite-Nord limite: ""Bois Pignon"" sobre Morne Terre Rouge, en el cruce de la carretera de Ennery-Plaisance y la carretera hacía Marmelade."	ae447c50-b8a8-11d8-92a4-b8a03c50a862	19.53	-72.4583							1982-11-20T01:00Z	20	11	1982	3867598	7869216	PRESERVED_SPECIMEN	NY	NY	01117227	24487	F. A. Michelangeli	CC0_1_0	The New York Botanical Garden	T. A. Zanoni			2017-12-20T16:08Z	STILLIMAGE	GEODETIC_DATUM_ASSUMED_WGS84;IDENTIFIED_DATE_UNLIKELY
1098143757	d415c253-4d61-4459-9d25-4015b9084fb0	cc8036d3-fc91-4e3f-864a-4f79708cffd7	Plantae	Tracheophyta	Magnoliopsida	Myrtales	Melastomataceae	Miconia	Miconia angustilamina		SPECIES	Clidemia angustilamina W.S. Judd & J.D. Skean	HT	Massif de la Selle: Morne l'Hopital, Rue Boulllier, en la loma alta, ladera frente a Port-au-Prince.	ae447c50-b8a8-11d8-92a4-b8a03c50a862	18.5	-72.33							1983-07-15T02:00Z	15	7	1983	3867598	7869216	PRESERVED_SPECIMEN	NY	NY	01117202	26205	F. A. Michelangeli	CC0_1_0	The New York Botanical Garden	T. A. Zanoni			2017-12-20T15:46Z	STILLIMAGE	GEODETIC_DATUM_ASSUMED_WGS84;IDENTIFIED_DATE_UNLIKELY
1098130222	d415c253-4d61-4459-9d25-4015b9084fb0	ca1bcc0a-1691-4486-b763-60ee145b41d0	Plantae	Tracheophyta	Magnoliopsida	Myrtales	Melastomataceae	Miconia	Miconia hypiodes		SPECIES	Miconia hypiodes Urb. & Ekman	HT	Massif de la Hotte. Parc National Pic Macaya. Southern slopes of Morne Formon, near Ville Formon	ae447c50-b8a8-11d8-92a4-b8a03c50a862	18.3497	-74.0228							2015-01-11T01:00Z	11	1	2015	3863973	3863973	PRESERVED_SPECIMEN	NY	NY	02449352	14394		CC0_1_0	The New York Botanical Garden	J. L. Clark			2017-12-20T15:44Z	STILLIMAGE	GEODETIC_DATUM_ASSUMED_WGS84
1098111895	d415c253-4d61-4459-9d25-4015b9084fb0	c6d1bd98-eeb1-4dc2-85cb-fa887c531204	Plantae	Tracheophyta	Magnoliopsida	Myrtales	Melastomataceae	Miconia	Miconia prasina		SPECIES	Miconia prasina (Sw.) DC.	HT	Massif du Nord: ladera de Chaine Bonnet Leveque: sobre Morne Bois Pin, cerca de Briquis, al sur de Milot.	ae447c50-b8a8-11d8-92a4-b8a03c50a862	19.57	-72.23							1985-10-26T01:00Z	26	10	1985	3188562	3188562	PRESERVED_SPECIMEN	NY	NY	01130247	35795		CC0_1_0	The New York Botanical Garden	T. A. Zanoni			2017-12-20T15:40Z	STILLIMAGE	GEODETIC_DATUM_ASSUMED_WGS84
1098022890	d415c253-4d61-4459-9d25-4015b9084fb0	b6e7ddc5-f648-40c5-828f-47458a68d57c	Plantae	Tracheophyta	Magnoliopsida	Myrtales	Melastomataceae	Miconia	Miconia angustilamina		SPECIES	Miconia angustilamina (Judd & Skean) Judd & Ionta	HT	Highway #214 (main road between Les Cayes and Jérémie), close to village of Duchity [=Duchitis] on main road to Beaumont.	ae447c50-b8a8-11d8-92a4-b8a03c50a862	18.4183	-73.9039							2015-01-07T01:00Z	7	1	2015	7869216	7869216	PRESERVED_SPECIMEN	NY	NY	02449392	14328		CC0_1_0	The New York Botanical Garden	J. L. Clark			2017-12-20T15:26Z	STILLIMAGE	GEODETIC_DATUM_ASSUMED_WGS84
1097965153	d415c253-4d61-4459-9d25-4015b9084fb0	ac9a2f73-5f22-4812-93dc-ded91a1fe441	Plantae	Tracheophyta	Magnoliopsida	Myrtales	Melastomataceae	Miconia	Miconia racemosa		SPECIES	Miconia racemosa (Aubl.) DC.	HT	Massif du Nord: ladera de Chaine Bonnet Leveque: sobre Morne Bois Pin, cerca de Briquis, al sur de Milot.	ae447c50-b8a8-11d8-92a4-b8a03c50a862	19.57	-72.23							1985-10-26T01:00Z	26	10	1985	3188564	3188564	PRESERVED_SPECIMEN	NY	NY	01130278	35811		CC0_1_0	The New York Botanical Garden	T. A. Zanoni			2017-12-20T15:18Z	STILLIMAGE	GEODETIC_DATUM_ASSUMED_WGS84
1097946963	d415c253-4d61-4459-9d25-4015b9084fb0	a95fd5bf-4ec3-4ade-85a8-db25d02aa430	Plantae	Tracheophyta	Magnoliopsida	Myrtales	Melastomataceae	Miconia	Miconia laevigata		SPECIES	Miconia laevigata (L.) D.Don	HT	Massif de la Hotte: al Interior, approx. 2 km. de la desembocadura del RiviÃ¨re de TiburÃ³n, TiburÃ³n.	ae447c50-b8a8-11d8-92a4-b8a03c50a862	18.33	-74.37							1985-01-27T01:00Z	27	1	1985	7547085	3188573	PRESERVED_SPECIMEN	NY	NY	01117046	33337	W. S. Judd	CC0_1_0	The New York Botanical Garden	T. A. Zanoni			2017-12-20T15:16Z	STILLIMAGE	GEODETIC_DATUM_ASSUMED_WGS84;IDENTIFIED_DATE_UNLIKELY
1097920183	d415c253-4d61-4459-9d25-4015b9084fb0	a49de024-a511-4c3e-ab12-14e6a5ca62d3	Plantae	Tracheophyta	Magnoliopsida	Myrtales	Melastomataceae	Miconia	Miconia ferruginea		SPECIES	Miconia ferruginea (Desr.) DC.	HT	Massif de la Selle: Morne Cadet, una loma, 4 a 5 km. al este de Fermathe en el camino a Fort Jacques.	ae447c50-b8a8-11d8-92a4-b8a03c50a862	18.47	-72.23							1985-06-03T02:00Z	3	6	1985	3866294	3866294	PRESERVED_SPECIMEN	NY	NY	01116861	34738	W. S. Judd	CC0_1_0	The New York Botanical Garden	T. A. Zanoni			2017-12-20T15:12Z		GEODETIC_DATUM_ASSUMED_WGS84;IDENTIFIED_DATE_UNLIKELY
1097873359	d415c253-4d61-4459-9d25-4015b9084fb0	9c4189c0-752b-4b22-86e4-be3c401fa600	Plantae	Tracheophyta	Magnoliopsida	Myrtales	Melastomataceae	Miconia	Miconia apiculata		SPECIES	Miconia apiculata Urb. & Ekman	HT	Massif de la Hotte. Parque Nacional Pic Macaya. Summit and saddle between Pic Formond and Pic Macaya.	ae447c50-b8a8-11d8-92a4-b8a03c50a862	18.3758	-74.0289							2015-01-12T01:00Z	12	1	2015	3860100	3860100	PRESERVED_SPECIMEN	NY	NY	02449397	14425		CC0_1_0	The New York Botanical Garden	J. L. Clark			2017-12-20T15:09Z	STILLIMAGE	GEODETIC_DATUM_ASSUMED_WGS84
1097867688	d415c253-4d61-4459-9d25-4015b9084fb0	9b40c5cc-830e-4b39-867b-8e961cd07fe9	Plantae	Tracheophyta	Magnoliopsida	Myrtales	Melastomataceae	Miconia	Miconia laevigata		SPECIES	Miconia laevigata (L.) D.Don	HT	Massif de La Selle: sobre Morne de L'Hopital: al sur de la ciudad de Port-au-Prince: entrada por camino a Rte. de Boutilliers en Laboule de Petionville y salida Ave. Mgr. Guilloux (cerca del hospital) en Port-au-Prince.	ae447c50-b8a8-11d8-92a4-b8a03c50a862	18.5	-72.33							1984-01-29T01:00Z	29	1	1984	7547085	3188573	PRESERVED_SPECIMEN	NY	NY	01117023	28903		CC0_1_0	The New York Botanical Garden	T. A. Zanoni			2017-12-20T15:08Z	STILLIMAGE	GEODETIC_DATUM_ASSUMED_WGS84
1097836182	d415c253-4d61-4459-9d25-4015b9084fb0	9599fdfc-8e6a-4f18-86e0-7a136e7f6354	Plantae	Tracheophyta	Magnoliopsida	Myrtales	Melastomataceae	Miconia	Miconia macayana		SPECIES	Miconia macayana W.S. Judd & J.D. Skean	HT	Massif de la Hotte. Parque Nacional Pic Macaya. Summit and saddle between Pic Formond and Pic Macaya.	ae447c50-b8a8-11d8-92a4-b8a03c50a862	18.3758	-74.0289							2015-01-12T01:00Z	12	1	2015	3861796	3861796	PRESERVED_SPECIMEN	NY	NY	02449396	14426		CC0_1_0	The New York Botanical Garden	J. L. Clark			2017-12-20T15:07Z	STILLIMAGE	GEODETIC_DATUM_ASSUMED_WGS84
1097755090	d415c253-4d61-4459-9d25-4015b9084fb0	8713959b-7016-46f8-b22c-37ff17264110	Plantae	Tracheophyta	Magnoliopsida	Myrtales	Melastomataceae	Miconia	Miconia subcompressa		SPECIES	Miconia subcompressa Urb.	HT	Massif de la Hotte, Parque Nacional Pic Macaya. Southern slopes of Morne Formon, near Ville Formon.	ae447c50-b8a8-11d8-92a4-b8a03c50a862	18.3497	-74.0228							2015-01-11T01:00Z	11	1	2015	3865660	3865660	PRESERVED_SPECIMEN	NY	NY	02449351	14390		CC0_1_0	The New York Botanical Garden	J. L. Clark			2017-12-20T15:04Z	STILLIMAGE	GEODETIC_DATUM_ASSUMED_WGS84
1097682324	d415c253-4d61-4459-9d25-4015b9084fb0	7a1e1de4-e383-435d-be2a-b6a093b2789d	Plantae	Tracheophyta	Magnoliopsida	Myrtales	Melastomataceae	Miconia	Miconia subcompressa		SPECIES	Miconia subcompressa Urb.	HT	Trail from Saint Louis du Sud towards village of Grand-Fond and then elongate ridge to an abandoned fort called Bonnet CarrÃ©.	ae447c50-b8a8-11d8-92a4-b8a03c50a862	18.3281	-73.4542							2015-01-06T01:00Z	6	1	2015	3865660	3865660	PRESERVED_SPECIMEN	NY	NY	02449398	14310		CC0_1_0	The New York Botanical Garden	J. L. Clark			2017-12-20T15:01Z	STILLIMAGE	GEODETIC_DATUM_ASSUMED_WGS84
1097633047	d415c253-4d61-4459-9d25-4015b9084fb0	714e519f-e19d-4349-a5ad-a55a1e2f8ad1	Plantae	Tracheophyta	Magnoliopsida	Myrtales	Melastomataceae	Miconia	Miconia prasina		SPECIES	Miconia prasina (Sw.) DC.	HT	"Depts. Sud-Grand Anse límite: Massif de la Hotte: zona rural ""Geffrard"", 18 km. Norte de Camp Perrin, en la carretera a Beaumont y Jérémie."	ae447c50-b8a8-11d8-92a4-b8a03c50a862	18.37	-73.88							1983-03-11T01:00Z	11	3	1983	3188562	3188562	PRESERVED_SPECIMEN	NY	NY	01130154	25698		CC0_1_0	The New York Botanical Garden	T. A. Zanoni			2017-12-20T14:59Z	STILLIMAGE	GEODETIC_DATUM_ASSUMED_WGS84
1097547275	d415c253-4d61-4459-9d25-4015b9084fb0	61e3fcad-c8c5-4219-a516-faf942b60198	Plantae	Tracheophyta	Magnoliopsida	Myrtales	Melastomataceae	Miconia	Miconia prasina		SPECIES	Miconia prasina (Sw.) DC.	HT	"Depts. Grand'Anse-Sud limite: Massif de La Hotte: ""Geffrard"" segun los campesinos, pero ""Moussambe"" en el mapa; 44 Km. Sur de Roseaux en la carretera a Camp Perrin."	ae447c50-b8a8-11d8-92a4-b8a03c50a862	18.4	-73.87							1982-11-14T01:00Z	14	11	1982	3188562	3188562	PRESERVED_SPECIMEN	NY	NY	01130179	24195		CC0_1_0	The New York Botanical Garden	T. A. Zanoni			2017-12-20T14:56Z	STILLIMAGE	GEODETIC_DATUM_ASSUMED_WGS84
1097533050	d415c253-4d61-4459-9d25-4015b9084fb0	5f5b1af4-dcb8-4ab6-af12-baec1f00962a	Plantae	Tracheophyta	Magnoliopsida	Myrtales	Melastomataceae	Miconia	Miconia hispidula		SPECIES	Calycogonium hispidulum Cogn.	HT	Massif de la Selle: Morne l'Hopital, lado Sur, en el fondo del valle, cerca de Granier, en el arroyo de Granier (posible Riviere Froide del mapa)	ae447c50-b8a8-11d8-92a4-b8a03c50a862	18.5	-72.33							1983-07-15T02:00Z	15	7	1983	3860629	7699254	PRESERVED_SPECIMEN	NY	NY	01130792	26171		CC0_1_0	The New York Botanical Garden	T. A. Zanoni			2017-12-20T14:56Z	STILLIMAGE	GEODETIC_DATUM_ASSUMED_WGS84
1097520293	d415c253-4d61-4459-9d25-4015b9084fb0	5d16139b-4d18-40ff-b258-39812c674091	Plantae	Tracheophyta	Magnoliopsida	Myrtales	Melastomataceae	Miconia	Miconia subcompressa		SPECIES	Miconia subcompressa Urb.	HT	PenÃ­nsula de TiburÃ³n, FormÃ³n, Bois Cavalier.	ae447c50-b8a8-11d8-92a4-b8a03c50a862	18.32367	-74.0297							2006-02-04T01:00Z	4	2	2006	3865660	3865660	PRESERVED_SPECIMEN	NY	NY	01165790	4167		CC0_1_0	The New York Botanical Garden	T. Clase G.			2017-12-20T14:55Z	STILLIMAGE	GEODETIC_DATUM_ASSUMED_WGS84
1097411220	d415c253-4d61-4459-9d25-4015b9084fb0	49a2fad7-e2e0-400f-a98b-c24e451b8b1c	Plantae	Tracheophyta	Magnoliopsida	Myrtales	Melastomataceae	Miconia	Miconia calycopteris		SPECIES	Calycogonium calycopteris (Rich.) Urb.	HT	"Massif du Nord: bajando al norte del Paso de Puilboreau (o 10.5 km. al ""sur"" de Plaisaince)."	ae447c50-b8a8-11d8-92a4-b8a03c50a862	19.52	-72.48							1985-06-04T02:00Z	4	6	1985	3860846	8062884	PRESERVED_SPECIMEN	NY	NY	01130728	34786	W. S. Judd	CC0_1_0	The New York Botanical Garden	T. A. Zanoni			2017-12-20T14:52Z	STILLIMAGE	GEODETIC_DATUM_ASSUMED_WGS84;IDENTIFIED_DATE_UNLIKELY
1097353015	d415c253-4d61-4459-9d25-4015b9084fb0	3f489a94-1b20-4ec4-a0e6-0951b2b766e9	Plantae	Tracheophyta	Magnoliopsida	Myrtales	Melastomataceae	Miconia	Miconia hispidula		SPECIES	Calycogonium hispidulum Cogn.	HT	Massif de la Selle: Morne l'Hopital, Rue Boullier, en la loma alta, ladera frente a Port-au-Prince.	ae447c50-b8a8-11d8-92a4-b8a03c50a862	18.5	-72.33							1983-07-15T02:00Z	15	7	1983	3860629	7699254	PRESERVED_SPECIMEN	NY	NY	01130766	26212		CC0_1_0	The New York Botanical Garden	T. A. Zanoni			2017-12-20T14:50Z	STILLIMAGE	GEODETIC_DATUM_ASSUMED_WGS84
1097290140	d415c253-4d61-4459-9d25-4015b9084fb0	33fe639c-33be-4605-8641-80398f439466	Plantae	Tracheophyta	Magnoliopsida	Myrtales	Melastomataceae	Miconia	Miconia tetrastoma		SPECIES	Miconia tetrastoma Naud.	HT	Massif de la Hotte. Parque Nacional Pic Macaya. Southern slopes of Morne Formon, near Ville Formon.	ae447c50-b8a8-11d8-92a4-b8a03c50a862	18.3497	-74.0228							2015-01-11T01:00Z	11	1	2015	3188584	3188584	PRESERVED_SPECIMEN	NY	NY	02449400	14413		CC0_1_0	The New York Botanical Garden	J. L. Clark			2017-12-20T14:47Z	STILLIMAGE	GEODETIC_DATUM_ASSUMED_WGS84
1097179959	d415c253-4d61-4459-9d25-4015b9084fb0	20416def-c598-446c-b5f5-76acbdabd1ba	Plantae	Tracheophyta	Magnoliopsida	Myrtales	Melastomataceae	Miconia	Miconia laevigata		SPECIES	Miconia laevigata (L.) D.Don	HT	"Massif de la Hotte (parte este): sobre Morne Rochelois; 2.8 km. oeste de Miragoane y 22.4 km. ""sur"" en la carretera a Paillat y las minas de Reynolds Haitian Mines."	ae447c50-b8a8-11d8-92a4-b8a03c50a862	18.4	-72.22							1984-01-25T01:00Z	25	1	1984	7547085	3188573	PRESERVED_SPECIMEN	NY	NY	01117095	28612		CC0_1_0	The New York Botanical Garden	T. A. Zanoni			2017-12-20T14:42Z	STILLIMAGE	GEODETIC_DATUM_ASSUMED_WGS84
1097166986	d415c253-4d61-4459-9d25-4015b9084fb0	1deb4d1b-5fef-46ad-b7a8-459536db8129	Plantae	Tracheophyta	Magnoliopsida	Myrtales	Melastomataceae	Miconia	Miconia subcompressa		SPECIES	Miconia subcompressa Urb.	HT	"Depts. Sud-Grand Anse lÃ­mite: Massif de la Hotte: zona rural ""Geffrard"", 18 km. Norte de Camp Perrin, en la carretera a Beaumont y JÃ©rÃ©mie."	ae447c50-b8a8-11d8-92a4-b8a03c50a862	18.37	-73.88							1983-03-11T01:00Z	11	3	1983	3865660	3865660	PRESERVED_SPECIMEN	NY	NY	01165761	25668		CC0_1_0	The New York Botanical Garden	T. A. Zanoni			2017-12-20T14:42Z	STILLIMAGE	GEODETIC_DATUM_ASSUMED_WGS84
1097010867	d415c253-4d61-4459-9d25-4015b9084fb0	020936e6-c517-4e72-9fae-b3163b9827c0	Plantae	Tracheophyta	Magnoliopsida	Myrtales	Melastomataceae	Miconia	Miconia barkeri		SPECIES	Miconia barkeri Urb. & Ekman	HT	Massif de la Hotte. Parque Nacional Pic Macaya. Southern slopes of Morne Formon, near Ville Formon.	ae447c50-b8a8-11d8-92a4-b8a03c50a862	18.3497	-74.0228							2015-01-11T01:00Z	11	1	2015	3859151	3859151	PRESERVED_SPECIMEN	NY	NY	02449394	14406		CC0_1_0	The New York Botanical Garden	J. L. Clark			2017-12-20T14:24Z	STILLIMAGE	GEODETIC_DATUM_ASSUMED_WGS84
1090617230	1bb3cae3-b91f-4109-8a2d-a1f05f2d6fd3	BRA:USP:SPF:0000077450	Plantae	Tracheophyta	Magnoliopsida	Myrtales	Melastomataceae	Miconia	Miconia hispidula		SPECIES	Calycogonium hispidulum Cogn.	HT	Massif de La Selle	76dbcb10-efc5-4d5f-87a5-bcd409fc92c8	18.3	-72.2			600.0	0.0			1983-07-15T02:00Z	15	7	1983	3860629	7699254	PRESERVED_SPECIMEN	USP	SPF	77450	26171		CC_BY_NC_4_0	SPF - Herbário da Universidade de São Paulo	Zanoni, TA			2017-12-29T15:21Z		GEODETIC_DATUM_ASSUMED_WGS84
